--Resposta do Comando SQL item a) 
INSERT INTO MC_DEPTO
(CD_DEPTO, NM_DEPTO, ST_DEPTO)
VALUES
(3, 'COMERCIAL', 'A');

INSERT INTO MC_DEPTO
(CD_DEPTO, NM_DEPTO, ST_DEPTO)
VALUES
(4, 'CONTABILIDADE', 'A');
    
INSERT INTO MC_DEPTO
(CD_DEPTO, NM_DEPTO, ST_DEPTO)
VALUES
(5, 'ESTOQUE', 'A');

INSERT INTO MC_DEPTO
(CD_DEPTO, NM_DEPTO, ST_DEPTO)
VALUES
(6, 'FINANCEIRO', 'A');
    
INSERT INTO MC_DEPTO
(CD_DEPTO, NM_DEPTO, ST_DEPTO)
VALUES
(7, 'SAC (SERVIÇO DE ATENDIMENTO AO CLIENTE)', 'A');

INSERT INTO MC_DEPTO
(CD_DEPTO, NM_DEPTO, ST_DEPTO)
VALUES
(1, 'RECURSOS HUMANOS (RH)', 'A');
        
INSERT INTO MC_DEPTO
(CD_DEPTO, NM_DEPTO, ST_DEPTO)
VALUES
(2, 'LOGISTICA', 'A');

-- Resposta do Comando SQL item b) 

INSERT INTO MC_FUNCIONARIO (CD_FUNCIONARIO, CD_DEPTO, CD_GERENTE, NM_FUNCIONARIO, DT_NASCIMENTO, FL_SEXO_BIOLOGICO, DS_GENERO, 
DS_CARGO, VL_SALARIO, DS_EMAIL, ST_FUNC, DT_CADASTRAMENTO, DT_DESLIGAMENTO)
VALUES (SQ_MC_FUNCIONARIO.NEXTVAL, 3, NULL, 'Felipe Tomas Igor Araújo', TO_DATE('19/01/1977','DD/MM/YYYY'), 'M', 'M', 
'Gerente Comercial', 6200.00, 'felipe_araujo@outlook.com', 'A', TO_DATE('10/12/2019', 'DD/MM/YYYY'), NULL);

INSERT INTO MC_FUNCIONARIO (CD_FUNCIONARIO, CD_DEPTO, CD_GERENTE, NM_FUNCIONARIO, DT_NASCIMENTO, FL_SEXO_BIOLOGICO, DS_GENERO, 
DS_CARGO, VL_SALARIO, DS_EMAIL, ST_FUNC, DT_CADASTRAMENTO, DT_DESLIGAMENTO)
VALUES (SQ_MC_FUNCIONARIO.NEXTVAL, 6, NULL, 'Beatriz Laura Campos', TO_DATE('01/02/1978', 'DD/MM/YYYY'), 'F', 'F', 
'Gerente Financeiro', 5700.00, 'beatriz_campos@gmail.com', 'A', TO_DATE('20/08/2015', 'DD/MM/YYYY'), NULL);

INSERT INTO MC_FUNCIONARIO (CD_FUNCIONARIO, CD_DEPTO, CD_GERENTE, NM_FUNCIONARIO, DT_NASCIMENTO, FL_SEXO_BIOLOGICO, DS_GENERO, 
DS_CARGO, VL_SALARIO, DS_EMAIL, ST_FUNC, DT_CADASTRAMENTO, DT_DESLIGAMENTO)
VALUES (SQ_MC_FUNCIONARIO.NEXTVAL, 1, NULL, 'Jéssica Juliana Carvalho', TO_DATE ('17/03/1967','DD/MM/YYYY'), 'F', 'F', 
'Gerente de RH', 4500.00, 'jessica_carvalho@outlook.com.br', 'A', TO_DATE ('20/08/2015','DD/MM/YYYY'), NULL);

INSERT INTO MC_FUNCIONARIO (CD_FUNCIONARIO, CD_DEPTO, CD_GERENTE, NM_FUNCIONARIO, DT_NASCIMENTO, FL_SEXO_BIOLOGICO, DS_GENERO, 
DS_CARGO, VL_SALARIO, DS_EMAIL, ST_FUNC, DT_CADASTRAMENTO, DT_DESLIGAMENTO)
VALUES (SQ_MC_FUNCIONARIO.NEXTVAL, 1, NULL, 'Gabriel Diego Barros', TO_DATE ('18/03/1991', 'DD/MM/YYYY'), 'M', 'M', 
'Analista de RH', 3500.00, 'gabrieldiegobarros@gmail.com', 'A', TO_DATE ('15/08/2019', 'DD/MM/YYYY'), NULL);

INSERT INTO MC_FUNCIONARIO (CD_FUNCIONARIO, CD_DEPTO, CD_GERENTE, NM_FUNCIONARIO, DT_NASCIMENTO, FL_SEXO_BIOLOGICO, DS_GENERO, 
DS_CARGO, VL_SALARIO, DS_EMAIL, ST_FUNC, DT_CADASTRAMENTO, DT_DESLIGAMENTO)
VALUES (SQ_MC_FUNCIONARIO.NEXTVAL, 4, NULL, 'Emilly Carolina da Luz', TO_DATE('11/02/1971', 'DD/MM/YYYY'), 'F', 'F', 
'Contadora', 3500.00, 'emilly.carolina.daluz@gmail.com', 'A', TO_DATE('10/11/2018', 'DD/MM/YYYY'), NULL);	

INSERT INTO MC_FUNCIONARIO (CD_FUNCIONARIO, CD_DEPTO, CD_GERENTE, NM_FUNCIONARIO, DT_NASCIMENTO, FL_SEXO_BIOLOGICO, DS_GENERO, 
DS_CARGO, VL_SALARIO, DS_EMAIL, ST_FUNC, DT_CADASTRAMENTO, DT_DESLIGAMENTO)
VALUES (SQ_MC_FUNCIONARIO.NEXTVAL, 7, NULL, 'Luana Bianca Nogueira', TO_DATE('23/01/1999', 'DD/MM/YYYY'), 'F', 'F', 
'Analista de Suporte', 2000.00, 'luanabiancanogueira@gmail.com', 'A', TO_DATE('01/02/2020', 'DD/MM/YYYY'), NULL);

INSERT INTO MC_FUNCIONARIO (CD_FUNCIONARIO, CD_DEPTO, CD_GERENTE, NM_FUNCIONARIO, DT_NASCIMENTO, FL_SEXO_BIOLOGICO, DS_GENERO, 
DS_CARGO, VL_SALARIO, DS_EMAIL, ST_FUNC, DT_CADASTRAMENTO, DT_DESLIGAMENTO)
VALUES (SQ_MC_FUNCIONARIO.NEXTVAL, 7, NULL, 'Alexandre Gael Oliveira', TO_DATE('01/04/2005', 'DD/MM/YYYY'), 'M', 'M', 
'Analista de Suporte', 2000.00, 'alexandre_oliveira@outlook.com', 'I', TO_DATE ('01/02/2020', 'DD/MM/YYYY'), TO_DATE ('09/10/2021', 'DD/MM/YYYY'));

INSERT INTO MC_FUNCIONARIO (CD_FUNCIONARIO, CD_DEPTO, CD_GERENTE, NM_FUNCIONARIO, DT_NASCIMENTO, FL_SEXO_BIOLOGICO, DS_GENERO, 
DS_CARGO, VL_SALARIO, DS_EMAIL, ST_FUNC, DT_CADASTRAMENTO, DT_DESLIGAMENTO)
VALUES (SQ_MC_FUNCIONARIO.NEXTVAL, 3, NULL, 'Francisco Diego Marcos Souza', TO_DATE ('01/04/1998', 'DD/MM/YYYY'), 'M', 'M',
'Supervisor de Vendas', 5000.00, 'francisco_souza@gmail.com.br', 'A', TO_DATE ('10/02/2020', 'DD/MM/YYYY'), NULL);

INSERT INTO MC_FUNCIONARIO (CD_FUNCIONARIO, CD_DEPTO, CD_GERENTE, NM_FUNCIONARIO, DT_NASCIMENTO, FL_SEXO_BIOLOGICO, DS_GENERO, 
DS_CARGO, VL_SALARIO, DS_EMAIL, ST_FUNC, DT_CADASTRAMENTO, DT_DESLIGAMENTO)
VALUES (SQ_MC_FUNCIONARIO.NEXTVAL, 3, NULL, 'Heloisa Jaqueline Almeida', TO_DATE ('01/04/1961', 'DD/MM/YYYY'), 'F', 'F', 
'Vendedora', 3000.00, 'heloisa-almeida94@outlook.com', 'I', TO_DATE ('01/05/2015', 'DD/MM/YYYY'), TO_DATE ('01/05/2022', 'DD/MM/YYYY'));

INSERT INTO MC_FUNCIONARIO (CD_FUNCIONARIO, CD_DEPTO, CD_GERENTE, NM_FUNCIONARIO, DT_NASCIMENTO, FL_SEXO_BIOLOGICO, DS_GENERO, 
DS_CARGO, VL_SALARIO, DS_EMAIL, ST_FUNC, DT_CADASTRAMENTO, DT_DESLIGAMENTO)
VALUES (SQ_MC_FUNCIONARIO.NEXTVAL, 7, NULL, 'Cecília Lívia Pinto', TO_DATE ('10/01/1996', 'DD/MM/YYYY'), 'F', 'F',
'Analista de Suporte', 2000.00 , 'cecilia_livia_pinto@gmail.com', 'A', TO_DATE ('01/02/2020', 'DD/MM/YYYY'), NULL);

INSERT INTO MC_FUNCIONARIO (CD_FUNCIONARIO, CD_DEPTO, CD_GERENTE, NM_FUNCIONARIO, DT_NASCIMENTO, FL_SEXO_BIOLOGICO, DS_GENERO, 
DS_CARGO, VL_SALARIO, DS_EMAIL, ST_FUNC, DT_CADASTRAMENTO, DT_DESLIGAMENTO)
VALUES (SQ_MC_FUNCIONARIO.NEXTVAL, 6, NULL, 'Rafael Ruan Enrico Moraes', TO_DATE ('07/03/1961', 'DD/MM/YYYY'), 'M', 'M', 
'Analista Financeiro', 3000.00, 'rafael_ruan_moraes@gmail.com', 'A', TO_DATE ('20/08/2015', 'DD/MM/YYYY'), NULL);

INSERT INTO MC_FUNCIONARIO (CD_FUNCIONARIO, CD_DEPTO, CD_GERENTE, NM_FUNCIONARIO, DT_NASCIMENTO, FL_SEXO_BIOLOGICO, DS_GENERO, 
DS_CARGO, VL_SALARIO, DS_EMAIL, ST_FUNC, DT_CADASTRAMENTO, DT_DESLIGAMENTO)
VALUES (SQ_MC_FUNCIONARIO.NEXTVAL, 1, NULL, 'Josefa Esther Duarte', TO_DATE ('22/02/1997', 'DD/MM;YYYY'), 'F', 'F', 
'Auxiliar Administrativo', 2000.00, 'josefa.esther.duarte@outlook.com.br', 'A', TO_DATE ('10/07/2020', 'DD/MM/YYYY'), NULL);

INSERT INTO MC_FUNCIONARIO (CD_FUNCIONARIO, CD_DEPTO, CD_GERENTE, NM_FUNCIONARIO, DT_NASCIMENTO, FL_SEXO_BIOLOGICO, DS_GENERO, 
DS_CARGO, VL_SALARIO, DS_EMAIL, ST_FUNC, DT_CADASTRAMENTO, DT_DESLIGAMENTO)
VALUES (SQ_MC_FUNCIONARIO.NEXTVAL, 4, NULL, 'Gabriel Isaac Silveira', TO_DATE ('02/02/1971', 'DD/MM/YYYY'), 'M', 'M',
'Contador', 3500.00, 'gabrielisaacsilveira@gmail.com.br', 'A', TO_DATE ('15/09/2020', 'DD/MM/YYYY'), NULL);

INSERT INTO MC_FUNCIONARIO (CD_FUNCIONARIO, CD_DEPTO, CD_GERENTE, NM_FUNCIONARIO, DT_NASCIMENTO, FL_SEXO_BIOLOGICO, DS_GENERO, 
DS_CARGO, VL_SALARIO, DS_EMAIL, ST_FUNC, DT_CADASTRAMENTO, DT_DESLIGAMENTO)
VALUES (SQ_MC_FUNCIONARIO.NEXTVAL, 6, NULL, 'Isabella Mirella da Mata', TO_DATE ('03/03/1995', 'DD/MM/YYYY'), 'F', 'F', 
'Auxiliar Administrativo', 2000.00, 'isabella_damata@outlook.com', 'A', TO_DATE ('20/11/2015', 'DD/MM/YYYY'), NULL);

INSERT INTO MC_FUNCIONARIO (CD_FUNCIONARIO, CD_DEPTO, CD_GERENTE, NM_FUNCIONARIO, DT_NASCIMENTO, FL_SEXO_BIOLOGICO, DS_GENERO, 
DS_CARGO, VL_SALARIO, DS_EMAIL, ST_FUNC, DT_CADASTRAMENTO, DT_DESLIGAMENTO)
VALUES (SQ_MC_FUNCIONARIO.NEXTVAL, 5, NULL, 'Nelson Julio Aparício',  TO_DATE ('25/03/1973', 'DD/MM/YYYY'), 'M', 'M', 
'Estoquista', 2500.00, 'nelsonjulioaparicio@gmail.com', 'A', TO_DATE ('10/03/2015', 'DD/MM/YYYY'), NULL);

INSERT INTO MC_FUNCIONARIO (CD_FUNCIONARIO, CD_DEPTO, CD_GERENTE, NM_FUNCIONARIO, DT_NASCIMENTO, FL_SEXO_BIOLOGICO, DS_GENERO, 
DS_CARGO, VL_SALARIO, DS_EMAIL, ST_FUNC, DT_CADASTRAMENTO, DT_DESLIGAMENTO)
VALUES (SQ_MC_FUNCIONARIO.NEXTVAL, 2, NULL, 'Mateus Tomás Ruan Rocha', TO_DATE ('18/01/1973', 'DD/MM/YYYY'), 'M', 'M', 
'Analista Administrativo', 2200.00, 'mateustomasrocha@hotmail.com.br', 'A', TO_DATE ('10/09/2015', 'DD/MM/YYYY'), NULL);

INSERT INTO MC_FUNCIONARIO (CD_FUNCIONARIO, CD_DEPTO, CD_GERENTE, NM_FUNCIONARIO, DT_NASCIMENTO, FL_SEXO_BIOLOGICO, DS_GENERO, 
DS_CARGO, VL_SALARIO, DS_EMAIL, ST_FUNC, DT_CADASTRAMENTO, DT_DESLIGAMENTO)
VALUES (SQ_MC_FUNCIONARIO.NEXTVAL, 5, NULL, 'Ricardo Juan Márcio Galvão', TO_DATE ('09/04/1984', 'DD/MM/YYYY'), 'M', 'M', 
'Analista Administrativo', 2200.00, 'ricardo_galvao@hotmail.com.br', 'A', TO_DATE('20/06/2019', 'DD/MM/YYYY'), NULL);

INSERT INTO MC_FUNCIONARIO (CD_FUNCIONARIO, CD_DEPTO, CD_GERENTE, NM_FUNCIONARIO, DT_NASCIMENTO, FL_SEXO_BIOLOGICO, DS_GENERO, 
DS_CARGO, VL_SALARIO, DS_EMAIL, ST_FUNC, DT_CADASTRAMENTO, DT_DESLIGAMENTO)
VALUES (SQ_MC_FUNCIONARIO.NEXTVAL, 4, NULL, 'Luis Rafael Lima', TO_DATE ('08/04/1987', 'DD/MM/YYYY'), 'M', 'M', 
'Gerente de Contas a Pagar', 6000.00, 'luis.rafael.lima@gmail.com.br', 'A', TO_DATE ('20/11/2015', 'DD/MM/YYYY'), NULL);

INSERT INTO MC_FUNCIONARIO (CD_FUNCIONARIO, CD_DEPTO, CD_GERENTE, NM_FUNCIONARIO, DT_NASCIMENTO, FL_SEXO_BIOLOGICO, DS_GENERO, 
DS_CARGO, VL_SALARIO, DS_EMAIL, ST_FUNC, DT_CADASTRAMENTO, DT_DESLIGAMENTO)
VALUES (SQ_MC_FUNCIONARIO.NEXTVAL, 2, NULL, 'Marcos Vinicius Ryan Samuel Figueiredo', TO_DATE ('23/03/1987', 'DD/MM/YYYY'), 'M', 'M', 
'Estoquista', 2500.00, 'marcosviniciusfigueiredo@outlook.com', 'A', TO_DATE ('20/11/2019', 'DD/MM/YYYY'), NULL);

INSERT INTO MC_FUNCIONARIO (CD_FUNCIONARIO, CD_DEPTO, CD_GERENTE, NM_FUNCIONARIO, DT_NASCIMENTO, FL_SEXO_BIOLOGICO, DS_GENERO, 
DS_CARGO, VL_SALARIO, DS_EMAIL, ST_FUNC, DT_CADASTRAMENTO, DT_DESLIGAMENTO)
VALUES (SQ_MC_FUNCIONARIO.NEXTVAL, 2, NULL, 'Benedita Tatiane Gabrielly Farias', TO_DATE ('04/04/1953', 'DD/MM/YYYY'), 'F', 'F', 
'Gerente de Logistica', 4000.00, 'benedita_tatiane_farias@gmail.com', 'A', TO_DATE ('10/03/2015', 'DD/MM/YYYY'), NULL);

INSERT INTO MC_FUNCIONARIO (CD_FUNCIONARIO, CD_DEPTO, CD_GERENTE, NM_FUNCIONARIO, DT_NASCIMENTO, FL_SEXO_BIOLOGICO, DS_GENERO, 
DS_CARGO, VL_SALARIO, DS_EMAIL, ST_FUNC, DT_CADASTRAMENTO, DT_DESLIGAMENTO)
VALUES (SQ_MC_FUNCIONARIO.NEXTVAL,	5, NULL, 'Cristiane Sara Brenda Moura', TO_DATE ('24/01/1968', 'DD/MM/YYYY'), 'F', 'F', 
'Gerente de Estoque', 4500.00, 'cristiane-moura98@gmail.com', 'A', TO_DATE ('10/09/2015', 'DD/MM/YYYY'), NULL);

UPDATE MC_FUNCIONARIO
SET CD_GERENTE = 3
WHERE CD_FUNCIONARIO = 4;

UPDATE MC_FUNCIONARIO
SET CD_GERENTE = 2
WHERE CD_FUNCIONARIO = 5;

UPDATE MC_FUNCIONARIO
SET CD_GERENTE = 1
WHERE CD_FUNCIONARIO = 6;

UPDATE MC_FUNCIONARIO
SET CD_GERENTE = 1
WHERE CD_FUNCIONARIO = 7;

UPDATE MC_FUNCIONARIO
SET CD_GERENTE = 1
WHERE CD_FUNCIONARIO = 8;

UPDATE MC_FUNCIONARIO
SET CD_GERENTE = 1
WHERE CD_FUNCIONARIO = 9;

UPDATE MC_FUNCIONARIO
SET CD_GERENTE = 1
WHERE CD_FUNCIONARIO = 10;

UPDATE MC_FUNCIONARIO
SET CD_GERENTE = 2
WHERE CD_FUNCIONARIO = 11;

UPDATE MC_FUNCIONARIO
SET CD_GERENTE = 20
WHERE CD_FUNCIONARIO = 12;

UPDATE MC_FUNCIONARIO
SET CD_GERENTE = 18
WHERE CD_FUNCIONARIO = 13;

UPDATE MC_FUNCIONARIO
SET CD_GERENTE = 20
WHERE CD_FUNCIONARIO = 14;

UPDATE MC_FUNCIONARIO
SET CD_GERENTE = 21
WHERE CD_FUNCIONARIO = 15;

UPDATE MC_FUNCIONARIO
SET CD_GERENTE = 20
WHERE CD_FUNCIONARIO = 16;

UPDATE MC_FUNCIONARIO
SET CD_GERENTE = 20
WHERE CD_FUNCIONARIO = 17;

UPDATE MC_FUNCIONARIO
SET CD_GERENTE = 21
WHERE CD_FUNCIONARIO = 19;
 
--Resposta do Comando SQL item c) 

INSERT INTO MC_ESTADO (SG_ESTADO, NM_ESTADO)
VALUES ('AC', 'Acre');

INSERT INTO MC_ESTADO (SG_ESTADO, NM_ESTADO) 
VALUES ('AL', 'Alagoas');

INSERT INTO MC_ESTADO (SG_ESTADO, NM_ESTADO) 
VALUES ('AP', 'Amapa');

INSERT INTO MC_ESTADO (SG_ESTADO, NM_ESTADO) 
VALUES ('AM', 'Amazonas');

INSERT INTO MC_ESTADO (SG_ESTADO, NM_ESTADO) 
VALUES ('BA', 'Bahia');

INSERT INTO MC_ESTADO (SG_ESTADO, NM_ESTADO) 
VALUES ('CE', 'Ceara');

INSERT INTO MC_ESTADO (SG_ESTADO, NM_ESTADO) 
VALUES ('DF', 'Distrito Federal');

INSERT INTO MC_ESTADO (SG_ESTADO, NM_ESTADO) 
VALUES ('ES', 'Espirito Santo');

INSERT INTO MC_ESTADO (SG_ESTADO, NM_ESTADO) 
VALUES ('GO', 'Goias');

INSERT INTO MC_ESTADO (SG_ESTADO, NM_ESTADO) 
VALUES ('MA', 'Maranhao');

INSERT INTO MC_ESTADO (SG_ESTADO, NM_ESTADO) 
VALUES ('MT', 'Mato Grosso');

INSERT INTO MC_ESTADO (SG_ESTADO, NM_ESTADO) 
VALUES ('MS', 'Mato Grosso do Sul');

INSERT INTO MC_ESTADO (SG_ESTADO, NM_ESTADO) 
VALUES ('MG', 'Minas Gerais');

INSERT INTO MC_ESTADO (SG_ESTADO, NM_ESTADO) 
VALUES ('PA', 'Para');

INSERT INTO MC_ESTADO (SG_ESTADO, NM_ESTADO) 
VALUES ('PB', 'Paraiba');

INSERT INTO MC_ESTADO (SG_ESTADO, NM_ESTADO) 
VALUES ('PR', 'Parana');

INSERT INTO MC_ESTADO (SG_ESTADO, NM_ESTADO) 
VALUES ('PE', 'Pernambuco');

INSERT INTO MC_ESTADO (SG_ESTADO, NM_ESTADO) 
VALUES ('PI', 'Piaui');

INSERT INTO MC_ESTADO (SG_ESTADO, NM_ESTADO) 
VALUES ('RJ', 'Rio de Janeiro');

INSERT INTO MC_ESTADO (SG_ESTADO, NM_ESTADO) 
VALUES ('RN', 'Rio Grande do Norte');

INSERT INTO MC_ESTADO (SG_ESTADO, NM_ESTADO) 
VALUES ('RS', 'Rio Grande do Sul');

INSERT INTO MC_ESTADO (SG_ESTADO, NM_ESTADO) 
VALUES ('RO', 'Rondonia');

INSERT INTO MC_ESTADO (SG_ESTADO, NM_ESTADO) 
VALUES ('RR', 'Roraima');

INSERT INTO MC_ESTADO (SG_ESTADO, NM_ESTADO) 
VALUES ('SC', 'Santa Catarina');

INSERT INTO MC_ESTADO (SG_ESTADO, NM_ESTADO) 
VALUES ('SP', 'Sao Paulo');

INSERT INTO MC_ESTADO (SG_ESTADO, NM_ESTADO) 
VALUES ('SE', 'Sergipe');

INSERT INTO MC_ESTADO (SG_ESTADO, NM_ESTADO) 
VALUES ('TO', 'Tocantins');

--****************************************************
--Inserindo dados na tabela MC_CIDADE

INSERT INTO MC_CIDADE(CD_CIDADE, SG_ESTADO, NM_CIDADE, CD_IBGE, NR_DDD)
VALUES (SQ_MC_CIDADE.nextval, 'PR', 'Curitiba', 41, 41);

INSERT INTO MC_CIDADE(CD_CIDADE, SG_ESTADO, NM_CIDADE, CD_IBGE, NR_DDD)
VALUES (SQ_MC_CIDADE.nextval, 'SC', 'Florianópolis', 42, 48);

INSERT INTO MC_CIDADE(CD_CIDADE, SG_ESTADO, NM_CIDADE, CD_IBGE, NR_DDD)
VALUES (SQ_MC_CIDADE.nextval, 'PE', 'Recife', 26, 81);

INSERT INTO MC_CIDADE(CD_CIDADE, SG_ESTADO, NM_CIDADE, CD_IBGE, NR_DDD)
VALUES (SQ_MC_CIDADE.nextval, 'CE', 'Fortaleza', 23, 85);

INSERT INTO MC_CIDADE(CD_CIDADE, SG_ESTADO, NM_CIDADE, CD_IBGE, NR_DDD)
VALUES (SQ_MC_CIDADE.nextval, 'PA', 'Belém', 15, 91);

INSERT INTO MC_CIDADE(CD_CIDADE, SG_ESTADO, NM_CIDADE, CD_IBGE, NR_DDD)
VALUES (SQ_MC_CIDADE.nextval, 'AM', 'Manaus', 13, 92);

INSERT INTO MC_CIDADE(CD_CIDADE, SG_ESTADO, NM_CIDADE, CD_IBGE, NR_DDD)
VALUES (SQ_MC_CIDADE.nextval, 'AC', 'Rio Branco', 12, 68);

INSERT INTO MC_CIDADE(CD_CIDADE, SG_ESTADO, NM_CIDADE, CD_IBGE, NR_DDD)
VALUES (SQ_MC_CIDADE.nextval, 'AL', 'Maceió', 27, 82);

INSERT INTO MC_CIDADE(CD_CIDADE, SG_ESTADO, NM_CIDADE, CD_IBGE, NR_DDD)
VALUES (SQ_MC_CIDADE.nextval, 'AP', 'Macapá', 16, 96);

INSERT INTO MC_CIDADE(CD_CIDADE, SG_ESTADO, NM_CIDADE, CD_IBGE, NR_DDD)
VALUES (SQ_MC_CIDADE.nextval, 'ES', 'Vitória', 32, 27);

INSERT INTO MC_CIDADE(CD_CIDADE, SG_ESTADO, NM_CIDADE, CD_IBGE, NR_DDD)
VALUES (SQ_MC_CIDADE.nextval, 'GO', 'Goiânia', 52, 62);

INSERT INTO MC_CIDADE(CD_CIDADE, SG_ESTADO, NM_CIDADE, CD_IBGE, NR_DDD)
VALUES (SQ_MC_CIDADE.nextval, 'DF', 'Brasília', 53, 61);

INSERT INTO MC_CIDADE(CD_CIDADE, SG_ESTADO, NM_CIDADE, CD_IBGE, NR_DDD)
VALUES (SQ_MC_CIDADE.nextval, 'MT', 'Cuiabá', 51, 65);

INSERT INTO MC_CIDADE(CD_CIDADE, SG_ESTADO, NM_CIDADE, CD_IBGE, NR_DDD)
VALUES (SQ_MC_CIDADE.nextval, 'MS', 'Campo Grande', 50, 67);

INSERT INTO MC_CIDADE(CD_CIDADE, SG_ESTADO, NM_CIDADE, CD_IBGE, NR_DDD)
VALUES (SQ_MC_CIDADE.nextval, 'TO', 'Palmas', 17, 63);

INSERT INTO MC_CIDADE(CD_CIDADE, SG_ESTADO, NM_CIDADE, CD_IBGE, NR_DDD)
VALUES (SQ_MC_CIDADE.nextval, 'AC', 'Rio Branco', 12, 68);

INSERT INTO MC_CIDADE(CD_CIDADE, SG_ESTADO, NM_CIDADE, CD_IBGE, NR_DDD)
VALUES (SQ_MC_CIDADE.nextval, 'RO', 'Porto Velho', 11, 69);

INSERT INTO MC_CIDADE(CD_CIDADE, SG_ESTADO, NM_CIDADE, CD_IBGE, NR_DDD)
VALUES (SQ_MC_CIDADE.nextval, 'SP', 'Sao Paulo', 35, 11);

INSERT INTO MC_CIDADE (CD_CIDADE, SG_ESTADO, NM_CIDADE, CD_IBGE, NR_DDD)
VALUES (SQ_MC_CIDADE.nextval, 'SP', 'Osasco', 35, 11);

INSERT INTO MC_CIDADE (CD_CIDADE, SG_ESTADO, NM_CIDADE, CD_IBGE, NR_DDD)
VALUES (SQ_MC_CIDADE.nextval, 'RJ', 'Rio de Janeiro', 33, 21);

INSERT INTO MC_CIDADE (CD_CIDADE, SG_ESTADO, NM_CIDADE, CD_IBGE, NR_DDD)
VALUES (SQ_MC_CIDADE.nextval, 'RJ', 'Niteroi', 33, 21);

INSERT INTO MC_CIDADE (CD_CIDADE, SG_ESTADO, NM_CIDADE, CD_IBGE, NR_DDD)
VALUES (SQ_MC_CIDADE.nextval, 'MG', 'Belo Horizonte', 31, 31);

INSERT INTO MC_CIDADE (CD_CIDADE, SG_ESTADO, NM_CIDADE, CD_IBGE, NR_DDD)
VALUES (SQ_MC_CIDADE.nextval, 'MG', 'Uberlandia', 31, 34);

INSERT INTO MC_CIDADE (CD_CIDADE, SG_ESTADO, NM_CIDADE, CD_IBGE, NR_DDD)
VALUES (SQ_MC_CIDADE.nextval, 'RS', 'Porto Alegre', 43, 51);

INSERT INTO MC_CIDADE (CD_CIDADE, SG_ESTADO, NM_CIDADE, CD_IBGE, NR_DDD)
VALUES (SQ_MC_CIDADE.nextval, 'RS', 'Caxias do Sul', 43, 54);

INSERT INTO MC_CIDADE (CD_CIDADE, SG_ESTADO, NM_CIDADE, CD_IBGE, NR_DDD)
VALUES (SQ_MC_CIDADE.nextval, 'BA', 'Salvador', 29, 71);

INSERT INTO MC_CIDADE (CD_CIDADE, SG_ESTADO, NM_CIDADE, CD_IBGE, NR_DDD)
VALUES (SQ_MC_CIDADE.nextval, 'BA', 'Feira de Santana', 29, 75); 

--************************************************************
--Inserindo dados na Tabela Bairro

INSERT INTO MC_BAIRRO (CD_BAIRRO, CD_CIDADE, NM_BAIRRO, NM_ZONA_BAIRRO)
VALUES (SQ_MC_BAIRRO.NEXTVAL, 1, 'Vila Prudente', NULL);

INSERT INTO MC_BAIRRO (CD_BAIRRO, CD_CIDADE, NM_BAIRRO, NM_ZONA_BAIRRO)
VALUES (SQ_MC_BAIRRO.NEXTVAL, 1, 'Vila Matilde', NULL);

INSERT INTO MC_BAIRRO (CD_BAIRRO, CD_CIDADE, NM_BAIRRO, NM_ZONA_BAIRRO)
VALUES (SQ_MC_BAIRRO.NEXTVAL, 1, 'Pinheiros', NULL);

INSERT INTO MC_BAIRRO (CD_BAIRRO, CD_CIDADE, NM_BAIRRO, NM_ZONA_BAIRRO)
VALUES (SQ_MC_BAIRRO.NEXTVAL, 1, 'Mooca', NULL);

INSERT INTO MC_BAIRRO (CD_BAIRRO, CD_CIDADE, NM_BAIRRO, NM_ZONA_BAIRRO)
VALUES (SQ_MC_BAIRRO.NEXTVAL, 2, 'Vila Yara', NULL);

INSERT INTO MC_BAIRRO (CD_BAIRRO, CD_CIDADE, NM_BAIRRO, NM_ZONA_BAIRRO)
VALUES (SQ_MC_BAIRRO.NEXTVAL, 3, 'Copacabana', NULL);

INSERT INTO MC_BAIRRO (CD_BAIRRO, CD_CIDADE, NM_BAIRRO, NM_ZONA_BAIRRO)
VALUES (SQ_MC_BAIRRO.NEXTVAL, 3, 'Leblon', NULL);

INSERT INTO MC_BAIRRO (CD_BAIRRO, CD_CIDADE, NM_BAIRRO, NM_ZONA_BAIRRO)
VALUES (SQ_MC_BAIRRO.NEXTVAL, 3, 'Lapa', NULL);

INSERT INTO MC_BAIRRO (CD_BAIRRO, CD_CIDADE, NM_BAIRRO, NM_ZONA_BAIRRO)
VALUES (SQ_MC_BAIRRO.NEXTVAL, 4, 'Icarai', NULL); 

INSERT INTO MC_BAIRRO (CD_BAIRRO, CD_CIDADE, NM_BAIRRO, NM_ZONA_BAIRRO)
VALUES (SQ_MC_BAIRRO.NEXTVAL, 5, 'Savassi', NULL);

INSERT INTO MC_BAIRRO (CD_BAIRRO, CD_CIDADE, NM_BAIRRO, NM_ZONA_BAIRRO)
VALUES (SQ_MC_BAIRRO.NEXTVAL, 6, 'Centro', NULL);

INSERT INTO MC_BAIRRO (CD_BAIRRO, CD_CIDADE, NM_BAIRRO, NM_ZONA_BAIRRO)
VALUES (SQ_MC_BAIRRO.NEXTVAL, 7, 'Moinhos do Vento', NULL);

INSERT INTO MC_BAIRRO (CD_BAIRRO, CD_CIDADE, NM_BAIRRO, NM_ZONA_BAIRRO)
VALUES (SQ_MC_BAIRRO.NEXTVAL, 8, 'Santa Catarina', NULL);

INSERT INTO MC_BAIRRO (CD_BAIRRO, CD_CIDADE, NM_BAIRRO, NM_ZONA_BAIRRO)
VALUES (SQ_MC_BAIRRO.NEXTVAL, 9, 'Barra', NULL);

INSERT INTO MC_BAIRRO (CD_BAIRRO, CD_CIDADE, NM_BAIRRO, NM_ZONA_BAIRRO)
VALUES (SQ_MC_BAIRRO.NEXTVAL, 11, 'Alameda', NULL);

INSERT INTO MC_BAIRRO (CD_BAIRRO, CD_CIDADE, NM_BAIRRO, NM_ZONA_BAIRRO)
VALUES (SQ_MC_BAIRRO.NEXTVAL, 12, 'Santo André', NULL);

INSERT INTO MC_BAIRRO (CD_BAIRRO, CD_CIDADE, NM_BAIRRO, NM_ZONA_BAIRRO)
VALUES (SQ_MC_BAIRRO.NEXTVAL, 13, 'Centro', NULL);

INSERT INTO MC_BAIRRO (CD_BAIRRO, CD_CIDADE, NM_BAIRRO, NM_ZONA_BAIRRO)
VALUES (SQ_MC_BAIRRO.NEXTVAL, 14, 'Filias', NULL);

INSERT INTO MC_BAIRRO (CD_BAIRRO, CD_CIDADE, NM_BAIRRO, NM_ZONA_BAIRRO)
VALUES (SQ_MC_BAIRRO.NEXTVAL, 15, 'Cidade Baixa', NULL);

INSERT INTO MC_BAIRRO (CD_BAIRRO, CD_CIDADE, NM_BAIRRO, NM_ZONA_BAIRRO)
VALUES (SQ_MC_BAIRRO.NEXTVAL, 16, 'Cidade Alta', NULL);

INSERT INTO MC_BAIRRO (CD_BAIRRO, CD_CIDADE, NM_BAIRRO, NM_ZONA_BAIRRO)
VALUES (SQ_MC_BAIRRO.NEXTVAL, 17, 'Centro', NULL);

INSERT INTO MC_BAIRRO (CD_BAIRRO, CD_CIDADE, NM_BAIRRO, NM_ZONA_BAIRRO)
VALUES (SQ_MC_BAIRRO.NEXTVAL, 18, 'Boa Vista', NULL);

INSERT INTO MC_BAIRRO (CD_BAIRRO, CD_CIDADE, NM_BAIRRO, NM_ZONA_BAIRRO)
VALUES (SQ_MC_BAIRRO.NEXTVAL, 19, 'Bom Jesus', NULL);

INSERT INTO MC_BAIRRO (CD_BAIRRO, CD_CIDADE, NM_BAIRRO, NM_ZONA_BAIRRO)
VALUES (SQ_MC_BAIRRO.NEXTVAL, 20, 'Santo Antonio', NULL);

INSERT INTO MC_BAIRRO (CD_BAIRRO, CD_CIDADE, NM_BAIRRO, NM_ZONA_BAIRRO)
VALUES (SQ_MC_BAIRRO.NEXTVAL, 21, 'Bernadete', NULL);

--************************************************************************
--inserindo dados na tabela Logradouro

INSERT INTO MC_LOGRADOURO (CD_LOGRADOURO, CD_BAIRRO, NM_LOGRADOURO, NR_CEP)
VALUES (SQ_MC_LOGRADOURO.NEXTVAL, 1, 'Rua da Mooca', 03123564);

INSERT INTO MC_LOGRADOURO (CD_LOGRADOURO, CD_BAIRRO, NM_LOGRADOURO, NR_CEP)
VALUES (SQ_MC_LOGRADOURO.NEXTVAL, 1, 'Rua das Flores', 03111020);

INSERT INTO MC_LOGRADOURO (CD_LOGRADOURO, CD_BAIRRO, NM_LOGRADOURO, NR_CEP)
VALUES (SQ_MC_LOGRADOURO.NEXTVAL, 2, 'Rua dos Girassois', 06020080);

INSERT INTO MC_LOGRADOURO (CD_LOGRADOURO, CD_BAIRRO, NM_LOGRADOURO, NR_CEP)
VALUES (SQ_MC_LOGRADOURO.NEXTVAL, 2, 'Av. das Acacias', 06018090);

INSERT INTO MC_LOGRADOURO (CD_LOGRADOURO, CD_BAIRRO, NM_LOGRADOURO, NR_CEP)
VALUES (SQ_MC_LOGRADOURO.NEXTVAL, 3, 'Rua de Copacabana', 03307000);

INSERT INTO MC_LOGRADOURO (CD_LOGRADOURO, CD_BAIRRO, NM_LOGRADOURO, NR_CEP)
VALUES (SQ_MC_LOGRADOURO.NEXTVAL, 3, 'Rua do Parque', 03307030);

INSERT INTO MC_LOGRADOURO (CD_LOGRADOURO, CD_BAIRRO, NM_LOGRADOURO, NR_CEP)
VALUES (SQ_MC_LOGRADOURO.NEXTVAL, 4, 'Rua Olegário', 22020002);

INSERT INTO MC_LOGRADOURO (CD_LOGRADOURO, CD_BAIRRO, NM_LOGRADOURO, NR_CEP)
VALUES (SQ_MC_LOGRADOURO.NEXTVAL, 4, 'Avenida Floriano', 22020080);

INSERT INTO MC_LOGRADOURO (CD_LOGRADOURO, CD_BAIRRO, NM_LOGRADOURO, NR_CEP)
VALUES (SQ_MC_LOGRADOURO.NEXTVAL, 5, 'Rua Sergipe', 31509005);

INSERT INTO MC_LOGRADOURO (CD_LOGRADOURO, CD_BAIRRO, NM_LOGRADOURO, NR_CEP)
VALUES (SQ_MC_LOGRADOURO.NEXTVAL, 5, 'Av. Cristovao Colombo', 30360980);

INSERT INTO MC_LOGRADOURO (CD_LOGRADOURO, CD_BAIRRO, NM_LOGRADOURO, NR_CEP)
VALUES (SQ_MC_LOGRADOURO.NEXTVAL, 6, 'Rua do Centro', 38400158);

INSERT INTO MC_LOGRADOURO (CD_LOGRADOURO, CD_BAIRRO, NM_LOGRADOURO, NR_CEP)
VALUES (SQ_MC_LOGRADOURO.NEXTVAL, 6, 'Rua da Paz', 38400118);

INSERT INTO MC_LOGRADOURO (CD_LOGRADOURO, CD_BAIRRO, NM_LOGRADOURO, NR_CEP)
VALUES (SQ_MC_LOGRADOURO.NEXTVAL, 7, 'Rua Dinarte Ribeiro', 40270050);

INSERT INTO MC_LOGRADOURO (CD_LOGRADOURO, CD_BAIRRO, NM_LOGRADOURO, NR_CEP)
VALUES (SQ_MC_LOGRADOURO.NEXTVAL, 7, 'Avenida 24 de Outubro', 40210015);

INSERT INTO MC_LOGRADOURO (CD_LOGRADOURO, CD_BAIRRO, NM_LOGRADOURO, NR_CEP)
VALUES (SQ_MC_LOGRADOURO.NEXTVAL, 8, 'Rua dos Pinheiros', 95034220);

INSERT INTO MC_LOGRADOURO (CD_LOGRADOURO, CD_BAIRRO, NM_LOGRADOURO, NR_CEP)
VALUES (SQ_MC_LOGRADOURO.NEXTVAL, 8, 'Av. dos Pinheiros', 90510002);

INSERT INTO MC_LOGRADOURO (CD_LOGRADOURO, CD_BAIRRO, NM_LOGRADOURO, NR_CEP)
VALUES (SQ_MC_LOGRADOURO.NEXTVAL, 9, 'Rua da Barra', 40140109);

INSERT INTO MC_LOGRADOURO (CD_LOGRADOURO, CD_BAIRRO, NM_LOGRADOURO, NR_CEP)
VALUES (SQ_MC_LOGRADOURO.NEXTVAL, 9, 'Rua da Felicidade', 40140090);

INSERT INTO MC_LOGRADOURO (CD_LOGRADOURO, CD_BAIRRO, NM_LOGRADOURO, NR_CEP)
VALUES (SQ_MC_LOGRADOURO.NEXTVAL, 10, 'Rua do Sol', 44018980);

INSERT INTO MC_LOGRADOURO (CD_LOGRADOURO, CD_BAIRRO, NM_LOGRADOURO, NR_CEP)
VALUES (SQ_MC_LOGRADOURO.NEXTVAL, 10, 'Avenida das Palmeiras', 44696352);

INSERT INTO MC_LOGRADOURO (CD_LOGRADOURO, CD_BAIRRO, NM_LOGRADOURO, NR_CEP)
VALUES (SQ_MC_LOGRADOURO.NEXTVAL, 11, 'Rua Teteres', 03648578);

INSERT INTO MC_LOGRADOURO (CD_LOGRADOURO, CD_BAIRRO, NM_LOGRADOURO, NR_CEP)
VALUES (SQ_MC_LOGRADOURO.NEXTVAL, 11, 'Rua Flor', 12545484);

INSERT INTO MC_LOGRADOURO (CD_LOGRADOURO, CD_BAIRRO, NM_LOGRADOURO, NR_CEP)
VALUES (SQ_MC_LOGRADOURO.NEXTVAL, 12, 'Rua Fé', 12121548);

INSERT INTO MC_LOGRADOURO (CD_LOGRADOURO, CD_BAIRRO, NM_LOGRADOURO, NR_CEP)
VALUES (SQ_MC_LOGRADOURO.NEXTVAL, 12, 'Rua Amor', 30606060);

INSERT INTO MC_LOGRADOURO (CD_LOGRADOURO, CD_BAIRRO, NM_LOGRADOURO, NR_CEP)
VALUES (SQ_MC_LOGRADOURO.NEXTVAL, 13, 'Rua Sol Nascente', 03648564);

INSERT INTO MC_LOGRADOURO (CD_LOGRADOURO, CD_BAIRRO, NM_LOGRADOURO, NR_CEP)
VALUES (SQ_MC_LOGRADOURO.NEXTVAL, 13, 'Rua Sol', 06453564);

INSERT INTO MC_LOGRADOURO (CD_LOGRADOURO, CD_BAIRRO, NM_LOGRADOURO, NR_CEP)
VALUES (SQ_MC_LOGRADOURO.NEXTVAL, 14, 'Rua Lua', 46464888);

INSERT INTO MC_LOGRADOURO (CD_LOGRADOURO, CD_BAIRRO, NM_LOGRADOURO, NR_CEP)
VALUES (SQ_MC_LOGRADOURO.NEXTVAL, 14, 'Rua Mar', 64464666);

INSERT INTO MC_LOGRADOURO (CD_LOGRADOURO, CD_BAIRRO, NM_LOGRADOURO, NR_CEP)
VALUES (SQ_MC_LOGRADOURO.NEXTVAL, 15, 'Rua Vida', 25858566);

INSERT INTO MC_LOGRADOURO (CD_LOGRADOURO, CD_BAIRRO, NM_LOGRADOURO, NR_CEP)
VALUES (SQ_MC_LOGRADOURO.NEXTVAL, 15, 'Rua Paz', 03232622);

INSERT INTO MC_LOGRADOURO (CD_LOGRADOURO, CD_BAIRRO, NM_LOGRADOURO, NR_CEP)
VALUES (SQ_MC_LOGRADOURO.NEXTVAL, 16, 'Rua Luz', 64646464);

INSERT INTO MC_LOGRADOURO (CD_LOGRADOURO, CD_BAIRRO, NM_LOGRADOURO, NR_CEP)
VALUES (SQ_MC_LOGRADOURO.NEXTVAL, 16, 'Rua Ouro', 02252523);

INSERT INTO MC_LOGRADOURO (CD_LOGRADOURO, CD_BAIRRO, NM_LOGRADOURO, NR_CEP)
VALUES (SQ_MC_LOGRADOURO.NEXTVAL, 17, 'Rua Prata', 64525258);

INSERT INTO MC_LOGRADOURO (CD_LOGRADOURO, CD_BAIRRO, NM_LOGRADOURO, NR_CEP)
VALUES (SQ_MC_LOGRADOURO.NEXTVAL, 17, 'Rua Chuva', 46595862);

INSERT INTO MC_LOGRADOURO (CD_LOGRADOURO, CD_BAIRRO, NM_LOGRADOURO, NR_CEP)
VALUES (SQ_MC_LOGRADOURO.NEXTVAL, 18, 'Rua Lilás', 46115480);

INSERT INTO MC_LOGRADOURO (CD_LOGRADOURO, CD_BAIRRO, NM_LOGRADOURO, NR_CEP)
VALUES (SQ_MC_LOGRADOURO.NEXTVAL, 18, 'Rua Azul', 64646595);

INSERT INTO MC_LOGRADOURO (CD_LOGRADOURO, CD_BAIRRO, NM_LOGRADOURO, NR_CEP)
VALUES (SQ_MC_LOGRADOURO.NEXTVAL, 19, 'Rua Verde', 46845642);

INSERT INTO MC_LOGRADOURO (CD_LOGRADOURO, CD_BAIRRO, NM_LOGRADOURO, NR_CEP)
VALUES (SQ_MC_LOGRADOURO.NEXTVAL, 19, 'Rua Amarela', 99866595);

INSERT INTO MC_LOGRADOURO (CD_LOGRADOURO, CD_BAIRRO, NM_LOGRADOURO, NR_CEP)
VALUES (SQ_MC_LOGRADOURO.NEXTVAL, 20, 'Rua Alho', 64644959);

INSERT INTO MC_LOGRADOURO (CD_LOGRADOURO, CD_BAIRRO, NM_LOGRADOURO, NR_CEP)
VALUES (SQ_MC_LOGRADOURO.NEXTVAL, 20, 'Rua Mouse', 07858555);

INSERT INTO MC_LOGRADOURO (CD_LOGRADOURO, CD_BAIRRO, NM_LOGRADOURO, NR_CEP)
VALUES (SQ_MC_LOGRADOURO.NEXTVAL, 21, 'Rua Mama', 03696355);

INSERT INTO MC_LOGRADOURO (CD_LOGRADOURO, CD_BAIRRO, NM_LOGRADOURO, NR_CEP)
VALUES (SQ_MC_LOGRADOURO.NEXTVAL, 21, 'Rua Todos', 64485646);

INSERT INTO MC_LOGRADOURO (CD_LOGRADOURO, CD_BAIRRO, NM_LOGRADOURO, NR_CEP)
VALUES (SQ_MC_LOGRADOURO.NEXTVAL, 22, 'Rua Branca', 65989636);

INSERT INTO MC_LOGRADOURO (CD_LOGRADOURO, CD_BAIRRO, NM_LOGRADOURO, NR_CEP)
VALUES (SQ_MC_LOGRADOURO.NEXTVAL, 23, 'Rua Legal', 63965899);

INSERT INTO MC_LOGRADOURO (CD_LOGRADOURO, CD_BAIRRO, NM_LOGRADOURO, NR_CEP)
VALUES (SQ_MC_LOGRADOURO.NEXTVAL, 23, 'Rua Bacana', 46485099);

INSERT INTO MC_LOGRADOURO (CD_LOGRADOURO, CD_BAIRRO, NM_LOGRADOURO, NR_CEP)
VALUES (SQ_MC_LOGRADOURO.NEXTVAL, 22, 'Rua Pec', 98566988);

INSERT INTO MC_LOGRADOURO (CD_LOGRADOURO, CD_BAIRRO, NM_LOGRADOURO, NR_CEP)
VALUES (SQ_MC_LOGRADOURO.NEXTVAL, 24, 'Rua Girassol', 77855699);

INSERT INTO MC_LOGRADOURO (CD_LOGRADOURO, CD_BAIRRO, NM_LOGRADOURO, NR_CEP)
VALUES (SQ_MC_LOGRADOURO.NEXTVAL, 24, 'Rua Girassolzinho', 20659433);

INSERT INTO MC_LOGRADOURO (CD_LOGRADOURO, CD_BAIRRO, NM_LOGRADOURO, NR_CEP)
VALUES (SQ_MC_LOGRADOURO.NEXTVAL, 25, 'Rua Primavera', 78755540);

INSERT INTO MC_LOGRADOURO (CD_LOGRADOURO, CD_BAIRRO, NM_LOGRADOURO, NR_CEP)
VALUES (SQ_MC_LOGRADOURO.NEXTVAL, 25, 'Rua das Flores', 50508900);

--Resposta do Comando SQL item d) 

INSERT INTO MC_END_FUNC (CD_FUNCIONARIO, CD_LOGRADOURO, NR_END, DS_COMPLEMENTO_END, DT_INICIO, DT_TERMINO, ST_END)
VALUES (1, 1, '150', 'Apto 50', TO_DATE ('15/08/2019', 'DD/MM/YYYY'), NULL, 'A');

INSERT INTO MC_END_FUNC (CD_FUNCIONARIO, CD_LOGRADOURO, NR_END, DS_COMPLEMENTO_END, DT_INICIO, DT_TERMINO, ST_END)
VALUES (2, 2, '755', 'Apto 12', TO_DATE ('10/11/2018', 'DD/MM/YYYY'), NULL, 'A');

INSERT INTO MC_END_FUNC (CD_FUNCIONARIO, CD_LOGRADOURO, NR_END, DS_COMPLEMENTO_END, DT_INICIO, DT_TERMINO, ST_END)
VALUES (3, 3, '823', 'bloco b', TO_DATE ('01/02/2020', 'DD/MM/YYYY'), NULL, 'A');

INSERT INTO MC_END_FUNC (CD_FUNCIONARIO, CD_LOGRADOURO, NR_END, DS_COMPLEMENTO_END, DT_INICIO, DT_TERMINO, ST_END)
VALUES (4, 4, '621', 'casa b', TO_DATE ('20/08/2015', 'DD/MM/YYYY'), NULL, 'A');

INSERT INTO MC_END_FUNC (CD_FUNCIONARIO, CD_LOGRADOURO, NR_END, DS_COMPLEMENTO_END, DT_INICIO, DT_TERMINO, ST_END)
VALUES (5, 5, '249', '15',  TO_DATE ('01/02/2020', 'DD/MM/YYYY'), NULL, 'A');

INSERT INTO MC_END_FUNC (CD_FUNCIONARIO, CD_LOGRADOURO, NR_END, DS_COMPLEMENTO_END, DT_INICIO, DT_TERMINO, ST_END)
VALUES (6, 6, '420', '2', TO_DATE ('10/12/2019', 'DD/MM/YYYY'), NULL, 'A');

INSERT INTO MC_END_FUNC (CD_FUNCIONARIO, CD_LOGRADOURO, NR_END, DS_COMPLEMENTO_END, DT_INICIO, DT_TERMINO, ST_END)
VALUES (7, 7, '688', '5', TO_DATE ('20/08/2015', 'DD/MM/YYYY'), TO_DATE ('09/10/2021', 'DD/MM/YYYY'), 'I');

INSERT INTO MC_END_FUNC (CD_FUNCIONARIO, CD_LOGRADOURO, NR_END, DS_COMPLEMENTO_END, DT_INICIO, DT_TERMINO, ST_END)
VALUES (8, 8, '696', '787', TO_DATE ('10/02/2020', 'DD/MM/YYYY'), NULL, 'A');

INSERT INTO MC_END_FUNC (CD_FUNCIONARIO, CD_LOGRADOURO, NR_END, DS_COMPLEMENTO_END, DT_INICIO, DT_TERMINO, ST_END)
VALUES (9, 9, '831', 'apto 5', TO_DATE ('01/05/2015', 'DD/MM/YYYY'), TO_DATE ('01/05/2022', 'DD/MM/YYYY'), 'I');

INSERT INTO MC_END_FUNC (CD_FUNCIONARIO, CD_LOGRADOURO, NR_END, DS_COMPLEMENTO_END, DT_INICIO, DT_TERMINO, ST_END)
VALUES (10, 10, '352', 'apto 2001', TO_DATE ('01/02/2020', 'DD/MM/YYYY'), NULL, 'A');

INSERT INTO MC_END_FUNC (CD_FUNCIONARIO, CD_LOGRADOURO, NR_END, DS_COMPLEMENTO_END, DT_INICIO, DT_TERMINO, ST_END)
VALUES (11, 11, '384', 'apto 72', TO_DATE ('20/08/2015', 'DD/MM/YYYY'), NULL, 'A');

INSERT INTO MC_END_FUNC (CD_FUNCIONARIO, CD_LOGRADOURO, NR_END, DS_COMPLEMENTO_END, DT_INICIO, DT_TERMINO, ST_END)
VALUES (12, 12, '873', 'apto 15', TO_DATE ('10/07/2020', 'DD/MM/YYYY'), NULL, 'A');

INSERT INTO MC_END_FUNC (CD_FUNCIONARIO, CD_LOGRADOURO, NR_END, DS_COMPLEMENTO_END, DT_INICIO, DT_TERMINO, ST_END)
VALUES (13, 13, '545', 'apto 20', TO_DATE('15/09/2020', 'DD/MM/YYYY'), NULL, 'A');

INSERT INTO MC_END_FUNC (CD_FUNCIONARIO, CD_LOGRADOURO, NR_END, DS_COMPLEMENTO_END, DT_INICIO, DT_TERMINO, ST_END)
VALUES (14, 14, '150', 'apto 65', TO_DATE ('20/11/2015', 'DD/MM/YYYY'), NULL, 'A');

INSERT INTO MC_END_FUNC (CD_FUNCIONARIO, CD_LOGRADOURO, NR_END, DS_COMPLEMENTO_END, DT_INICIO, DT_TERMINO, ST_END)
VALUES (15, 15, '1067', 'ala c', TO_DATE('10/03/2015', 'DD/MM/YYYY'), NULL, 'A');

INSERT INTO MC_END_FUNC (CD_FUNCIONARIO, CD_LOGRADOURO, NR_END, DS_COMPLEMENTO_END, DT_INICIO, DT_TERMINO, ST_END)
VALUES (16, 16, '100', 'ala a', TO_DATE ('10/09/2015', 'DD/MM/YYYY'), NULL, 'A');

INSERT INTO MC_END_FUNC (CD_FUNCIONARIO, CD_LOGRADOURO, NR_END, DS_COMPLEMENTO_END, DT_INICIO, DT_TERMINO, ST_END)
VALUES (17, 17, '89', 'apto 2', TO_DATE ('20/06/2019', 'DD/MM/YYYY'), NULL, 'A');

INSERT INTO MC_END_FUNC (CD_FUNCIONARIO, CD_LOGRADOURO, NR_END, DS_COMPLEMENTO_END, DT_INICIO, DT_TERMINO, ST_END)
VALUES (18, 18, '67', 'apto 55', TO_DATE ('20/11/2015', 'DD/MM/YYYY'), NULL, 'A');

INSERT INTO MC_END_FUNC (CD_FUNCIONARIO, CD_LOGRADOURO, NR_END, DS_COMPLEMENTO_END, DT_INICIO, DT_TERMINO, ST_END)
VALUES (19, 19, '31', '15', TO_DATE ('20/11/2019', 'DD/MM/YYYY'), NULL, 'A');

INSERT INTO MC_END_FUNC (CD_FUNCIONARIO, CD_LOGRADOURO, NR_END, DS_COMPLEMENTO_END, DT_INICIO, DT_TERMINO, ST_END)
VALUES (20, 20, '696', 'apto 10', TO_DATE ('10/03/2015', 'DD/MM/YYYY'), NULL, 'A');

INSERT INTO MC_END_FUNC (CD_FUNCIONARIO, CD_LOGRADOURO, NR_END, DS_COMPLEMENTO_END, DT_INICIO, DT_TERMINO, ST_END)
VALUES (21, 21, '88', 'apto 12', TO_DATE ('12/03/2015', 'DD/MM/YYYY'), NULL, 'A');

--Resposta do Comando SQL item e) 
  
-- 5 CLIENTES PF P/ MC_CLIENTE

INSERT INTO MC_CLIENTE
    (NR_CLIENTE, NM_CLIENTE, QT_ESTRELAS, VL_MEDIO_COMPRA, 
    ST_CLIENTE, DS_EMAIL, NR_TELEFONE, NM_LOGIN, DS_SENHA)
VALUES
(SQ_MC_CLIENTE.nextval, 'Ana Paula da Silva', 5, 500.50, 'A', 'ana.paula.silva@ymail.br',
'(11) 98888-7777', 'anapaulasilva', 'Ap$1234' 
     );
     
INSERT INTO MC_CLIENTE
   (NR_CLIENTE, NM_CLIENTE, QT_ESTRELAS, VL_MEDIO_COMPRA, 
    ST_CLIENTE, DS_EMAIL, NR_TELEFONE, NM_LOGIN, DS_SENHA)
VALUES
(SQ_MC_CLIENTE.nextval, 'Bruno de Oliveira Santos', 3, 254.70, 'A', 'bruno.oliveira.santos@email.com',
'(21) 97777-8888', 'brunosantos', 'Br#5678' 
     );
     
INSERT INTO MC_CLIENTE
   (NR_CLIENTE, NM_CLIENTE, QT_ESTRELAS, VL_MEDIO_COMPRA, 
    ST_CLIENTE, DS_EMAIL, NR_TELEFONE, NM_LOGIN, DS_SENHA)
VALUES
(SQ_MC_CLIENTE.nextval, 'Camila de Souza Rodrigues', 1, 70.70, 'A', 'camila.souza.rodrigues@email.com',
'(31) 96666-5555', 'camilarodrigues', 'Cr%9101' 
     );
     
INSERT INTO MC_CLIENTE
   (NR_CLIENTE, NM_CLIENTE, QT_ESTRELAS, VL_MEDIO_COMPRA, 
    ST_CLIENTE, DS_EMAIL, NR_TELEFONE, NM_LOGIN, DS_SENHA)
VALUES
(SQ_MC_CLIENTE.nextval, 'Diego Almeida Costa', 5, 5845.70, 'A', 'diego.almeida.costa@email.com',
'(19) 94444-3333', 'diegocosta', 'Dc^1212' 
     );
     
INSERT INTO MC_CLIENTE
   (NR_CLIENTE, NM_CLIENTE, QT_ESTRELAS, VL_MEDIO_COMPRA, 
    ST_CLIENTE, DS_EMAIL, NR_TELEFONE, NM_LOGIN, DS_SENHA)
VALUES
(SQ_MC_CLIENTE.nextval, 'Eloá Pereira dos Santos', 5, 7550.10, 'A', 'eloa.pereira.santos@email.com',
'(81) 95555-4444', 'eloasantos', 'El!1313' 
     );
     
INSERT INTO MC_CLIENTE
    (NR_CLIENTE, NM_CLIENTE, QT_ESTRELAS, VL_MEDIO_COMPRA, 
    ST_CLIENTE, DS_EMAIL, NR_TELEFONE, NM_LOGIN, DS_SENHA)
VALUES
(SQ_MC_CLIENTE.nextval, 'Fabio da Silva Santos', 4, 2500, 'A', 'fabio.silva.santos@email.com',
'(11) 92222-1111', 'fabiosantos', 'Fs@1414' 
     );

INSERT INTO MC_CLIENTE
   (NR_CLIENTE, NM_CLIENTE, QT_ESTRELAS, VL_MEDIO_COMPRA, 
    ST_CLIENTE, DS_EMAIL, NR_TELEFONE, NM_LOGIN, DS_SENHA)
VALUES
(SQ_MC_CLIENTE.nextval, 'Gabriela Costa Pereira', 4, 2800, 'A', 'gabriela.costa.pereira@email.com',
'(21) 91111-2222', 'gabrielapereira', 'Gp*1515' 
     );
     
INSERT INTO MC_CLIENTE
   (NR_CLIENTE, NM_CLIENTE, QT_ESTRELAS, VL_MEDIO_COMPRA, 
    ST_CLIENTE, DS_EMAIL, NR_TELEFONE, NM_LOGIN, DS_SENHA)
VALUES
(SQ_MC_CLIENTE.nextval, 'Henrique da Cruz Oliveira', 2, 299.55, 'A', 'henrique.cruz.oliveira@email.com',
'(31) 98888-3333', 'henriqueoliveira', 'Ho$1616' 
     );
     
INSERT INTO MC_CLIENTE
   (NR_CLIENTE, NM_CLIENTE, QT_ESTRELAS, VL_MEDIO_COMPRA, 
    ST_CLIENTE, DS_EMAIL, NR_TELEFONE, NM_LOGIN, DS_SENHA)
VALUES
(SQ_MC_CLIENTE.nextval, 'João da Silva', 5, 10586.66, 'A', 'joaosilva@gmail.com',
'(11) 98765-4321', 'joaosilva', 'abc123' 
     );
     
INSERT INTO MC_CLIENTE
  (NR_CLIENTE, NM_CLIENTE, QT_ESTRELAS, VL_MEDIO_COMPRA, 
    ST_CLIENTE, DS_EMAIL, NR_TELEFONE, NM_LOGIN, DS_SENHA)
VALUES
(SQ_MC_CLIENTE.nextval, 'Maria Santos', 5, 7360.20, 'A', 'm.santos@hotmail.com',
'(21) 91234-5678', 'mariasantos', 'xyz456' 
     );
     
--***********************************************************     
-- 5 CLIENTES PJ P/ MC_CLIENTE

INSERT INTO MC_CLIENTE
    (NR_CLIENTE, NM_CLIENTE, QT_ESTRELAS, VL_MEDIO_COMPRA, 
    ST_CLIENTE, DS_EMAIL, NR_TELEFONE, NM_LOGIN, DS_SENHA)
VALUES
(SQ_MC_CLIENTE.nextval, 'Tech Solutions Ltda.', 5, 15850.50, 'A', 'contato@techsolutions.com.br',
'(11) 55555-5555', 'techsolutions', '@TechS0lu#2023' 
     );
     
INSERT INTO MC_CLIENTE
    (NR_CLIENTE, NM_CLIENTE, QT_ESTRELAS, VL_MEDIO_COMPRA, 
    ST_CLIENTE, DS_EMAIL, NR_TELEFONE, NM_LOGIN, DS_SENHA)
VALUES
(SQ_MC_CLIENTE.nextval, 'Global Trading S.A.', 2, 3980.00, 'A', 'contato@globaltrading.com.br',
'(21) 66666-6666', 'globaltrading', '$Gl0balTr@ding2023' 
     );
     
INSERT INTO MC_CLIENTE
    (NR_CLIENTE, NM_CLIENTE, QT_ESTRELAS, VL_MEDIO_COMPRA, 
    ST_CLIENTE, DS_EMAIL, NR_TELEFONE, NM_LOGIN, DS_SENHA)
VALUES
(SQ_MC_CLIENTE.nextval, 'Healthy Foods Ltda.', 1, 1850, 'A', 'contato@healthyfoods.com.br',
'(19) 77777-7777', 'healthyfoods', '#He@lthyFo0ds23' 
     );
     
INSERT INTO MC_CLIENTE
    (NR_CLIENTE, NM_CLIENTE, QT_ESTRELAS, VL_MEDIO_COMPRA, 
    ST_CLIENTE, DS_EMAIL, NR_TELEFONE, NM_LOGIN, DS_SENHA)
VALUES
(SQ_MC_CLIENTE.nextval, 'Tudo pra voce', 4, 3000, 'A', 'contato@tpvc.com.br',
'(41) 99999-9999', 'tpvc', '56stpvc@' 
     );
     
INSERT INTO MC_CLIENTE
     (NR_CLIENTE, NM_CLIENTE, QT_ESTRELAS, VL_MEDIO_COMPRA, 
    ST_CLIENTE, DS_EMAIL, NR_TELEFONE, NM_LOGIN, DS_SENHA)
VALUES
(SQ_MC_CLIENTE.nextval, 'utilidades da hora', 5, 12000, 'A', 'contato@utilidadesdahora.com.br',
'(31) 99999-9956', 'dahora', '866@#%D@H0ra' 
     );
    
--***********************************************************     
-- 10 CLIENTES PF P/ MC_CLI_FISICA

INSERT INTO MC_CLI_FISICA
    (NR_CLIENTE, DT_NASCIMENTO, FL_SEXO_BIOLOGICO, 
    DS_GENERO, NR_CPF)
VALUES
(1, TO_DATE ('15/05/1980','DD/MM/YYYY'), 'F', 'Feminino',
'123.456.789-10');

INSERT INTO MC_CLI_FISICA
    (NR_CLIENTE, DT_NASCIMENTO, FL_SEXO_BIOLOGICO, 
    DS_GENERO, NR_CPF)
VALUES
(2, TO_DATE ('20/02/1992','DD/MM/YYYY'), 'M', 
'masculino','234.567.890-11');

INSERT INTO MC_CLI_FISICA
    (NR_CLIENTE, DT_NASCIMENTO, FL_SEXO_BIOLOGICO, 
    DS_GENERO, NR_CPF)
VALUES
(3, TO_DATE ('10/03/1980','DD/MM/YYYY'), 'F', 
'feminino','111.680.900-35');

INSERT INTO MC_CLI_FISICA
    (NR_CLIENTE, DT_NASCIMENTO, FL_SEXO_BIOLOGICO, 
    DS_GENERO, NR_CPF)
VALUES
(4, TO_DATE('05/09/1985','DD/MM/YYYY'), 'M', 
'feminino','345.678.901-23');

INSERT INTO MC_CLI_FISICA
    (NR_CLIENTE, DT_NASCIMENTO, FL_SEXO_BIOLOGICO, 
    DS_GENERO, NR_CPF)
VALUES
(5, TO_DATE('10/09/1985','DD/MM/YYYY'), 'F', 
'feminino','456.789.012-34');

INSERT INTO MC_CLI_FISICA
    (NR_CLIENTE, DT_NASCIMENTO, FL_SEXO_BIOLOGICO, 
    DS_GENERO, NR_CPF)
VALUES
(6, TO_DATE('11/12/1988','DD/MM/YYYY'), 'M', 
'masculino','678.901.234-56');

INSERT INTO MC_CLI_FISICA
    (NR_CLIENTE, DT_NASCIMENTO, FL_SEXO_BIOLOGICO, 
    DS_GENERO, NR_CPF)
VALUES
(7, TO_DATE ('12/11/1987','DD/MM/YYYY'), 'F', 
'feminino','789.012.345-67');
     
INSERT INTO MC_CLI_FISICA
    (NR_CLIENTE, DT_NASCIMENTO, FL_SEXO_BIOLOGICO, 
    DS_GENERO, NR_CPF)
VALUES
(8, TO_DATE ('20/05/1995','DD/MM/YYYY'), 'M', 
'masculino','890.123.456-78');
     
INSERT INTO MC_CLI_FISICA
    (NR_CLIENTE, DT_NASCIMENTO, FL_SEXO_BIOLOGICO, 
    DS_GENERO, NR_CPF)
VALUES
(9, TO_DATE ('22/05/1995','DD/MM/YYYY'), 'M', 
'masculino','901.234.567-89');

INSERT INTO MC_CLI_FISICA
    (NR_CLIENTE, DT_NASCIMENTO, FL_SEXO_BIOLOGICO, 
    DS_GENERO, NR_CPF)
VALUES
(10, TO_DATE ('28/01/1993','DD/MM/YYYY'), 'F', 
'feminino','696.699.588-98');


--***********************************************************     
-- 5 CLIENTES PF P/ MC_CLI_JURIDICA
    
INSERT INTO MC_CLI_JURIDICA
    (NR_CLIENTE, DT_FUNDACAO, 
    NR_CNPJ, NR_INSCR_EST)
VALUES
(11, TO_DATE ('01/01/2005','DD/MM/YYYY'), '12.345.678/0001-90', 
'123.456.789.012');

INSERT INTO MC_CLI_JURIDICA
    (NR_CLIENTE, DT_FUNDACAO, 
    NR_CNPJ, NR_INSCR_EST)
VALUES
(12, TO_DATE ('15/03/1998','DD/MM/YYYY'), '23.456.789/0001-01', 
'234.567.890.123');

INSERT INTO MC_CLI_JURIDICA
    (NR_CLIENTE, DT_FUNDACAO, 
    NR_CNPJ, NR_INSCR_EST)
VALUES
(13, TO_DATE ('20/05/2010','DD/MM/YYYY'), '34.567.890/0001-12', 
'345.678.901.234');

INSERT INTO MC_CLI_JURIDICA
    (NR_CLIENTE, DT_FUNDACAO, 
    NR_CNPJ, NR_INSCR_EST)
VALUES
(14, TO_DATE ('03/09/2003','DD/MM/YYYY'), '45.678.901/0001-23', 
'456.789.012.345');

INSERT INTO MC_CLI_JURIDICA
    (NR_CLIENTE, DT_FUNDACAO, 
    NR_CNPJ, NR_INSCR_EST)
VALUES
(15, TO_DATE ('12/12/2012','DD/MM/YYYY'), '56.789.012/0001-34', 
'567.890.123.456');

--**********************************************************
-- Endereço Clientes PESSOA FÍSICA
-- 10 CLIENTES PF P/ MC_END_CLI

INSERT INTO MC_END_CLI
    (NR_CLIENTE, CD_LOGRADOURO_CLI, NR_END,
     DS_COMPLEMENTO_END, DT_INICIO, DT_TERMINO, ST_END)
VALUES
    (1, 45, 123, 'Apto 456', TO_DATE ('15/08/2020','DD/MM/YYYY'), NULL, 'A');

INSERT INTO MC_END_CLI
    (NR_CLIENTE, CD_LOGRADOURO_CLI, NR_END, 
    DS_COMPLEMENTO_END, DT_INICIO, DT_TERMINO, ST_END)
VALUES
(2, 46, 156, 'Apto 76', TO_DATE ('01/03/2022','DD/MM/YYYY'), NULL, 'A');

INSERT INTO MC_END_CLI
    (NR_CLIENTE, CD_LOGRADOURO_CLI, NR_END, 
    DS_COMPLEMENTO_END, DT_INICIO, DT_TERMINO, ST_END)
VALUES
(3, 47, 78, 'Apto 6', TO_DATE ('08/09/2021','DD/MM/YYYY'), NULL, 'A');

INSERT INTO MC_END_CLI
    (NR_CLIENTE, CD_LOGRADOURO_CLI, NR_END, 
    DS_COMPLEMENTO_END, DT_INICIO, DT_TERMINO, ST_END)
VALUES
(4, 48, 500, 1005, TO_DATE ('02/02/2023','DD/MM/YYYY'), NULL, 'A');

INSERT INTO MC_END_CLI
    (NR_CLIENTE, CD_LOGRADOURO_CLI, NR_END, 
    DS_COMPLEMENTO_END, DT_INICIO, DT_TERMINO, ST_END)
VALUES
(5, 49, 15, 78, TO_DATE ('01/02/2019','DD/MM/YYYY'), NULL, 'A');

INSERT INTO MC_END_CLI
    (NR_CLIENTE, CD_LOGRADOURO_CLI, NR_END, 
    DS_COMPLEMENTO_END, DT_INICIO, DT_TERMINO, ST_END)
VALUES
(6, 50, 66, NULL, TO_DATE ('15/03/2019','DD/MM/YYYY'), NULL, 'A');

INSERT INTO MC_END_CLI
    (NR_CLIENTE, CD_LOGRADOURO_CLI, NR_END, 
    DS_COMPLEMENTO_END, DT_INICIO, DT_TERMINO, ST_END)
VALUES
(7, 7, 10, 'Apto 1001', TO_DATE ('08/04/2018','DD/MM/YYYY'), NULL, 'A');

INSERT INTO MC_END_CLI
    (NR_CLIENTE, CD_LOGRADOURO_CLI, NR_END, 
    DS_COMPLEMENTO_END, DT_INICIO, DT_TERMINO, ST_END)
VALUES
(8, 8, 55, 'Apto 19', TO_DATE ('17/06/2022','DD/MM/YYYY'), NULL, 'A');

INSERT INTO MC_END_CLI
    (NR_CLIENTE, CD_LOGRADOURO_CLI, NR_END, 
    DS_COMPLEMENTO_END, DT_INICIO, DT_TERMINO, ST_END)
VALUES
(9, 9, 88, 'Apto 12', TO_DATE ('20/01/2023','DD/MM/YYYY'), NULL, 'A');

INSERT INTO MC_END_CLI
    (NR_CLIENTE, CD_LOGRADOURO_CLI, NR_END, 
    DS_COMPLEMENTO_END, DT_INICIO, DT_TERMINO, ST_END)
VALUES
(10, 10, 105, 'Apto 10', TO_DATE ('15/09/2021','DD/MM/YYYY'), NULL, 'A');

--***********************************************************   
-- Endereço Clientes PESSOA JURÍDICA
-- 5 CLIENTES PJ P/ MC_END_CLI

INSERT INTO MC_END_CLI
     (NR_CLIENTE, CD_LOGRADOURO_CLI, NR_END, 
    DS_COMPLEMENTO_END, DT_INICIO, DT_TERMINO, ST_END)
VALUES
(11, 11, 15, '808', TO_DATE ('15/12/2019','DD/MM/YYYY'), NULL, 'A');

INSERT INTO MC_END_CLI
   (NR_CLIENTE, CD_LOGRADOURO_CLI, NR_END, 
    DS_COMPLEMENTO_END, DT_INICIO, DT_TERMINO, ST_END)
VALUES
(12, 12, 200, '801', TO_DATE ('01/06/2022','DD/MM/YYYY'), NULL, 'A');

INSERT INTO MC_END_CLI
    (NR_CLIENTE, CD_LOGRADOURO_CLI, NR_END, 
    DS_COMPLEMENTO_END, DT_INICIO, DT_TERMINO, ST_END)
VALUES
(13, 13, 4020, '108', TO_DATE ('03/10/2019','DD/MM/YYYY'), NULL, 'A');

INSERT INTO MC_END_CLI
    (NR_CLIENTE, CD_LOGRADOURO_CLI, NR_END, 
    DS_COMPLEMENTO_END, DT_INICIO, DT_TERMINO, ST_END)
VALUES
(14, 14, 3060, 'Vila A4', TO_DATE ('13/10/2020','DD/MM/YYYY'), NULL, 'A');

INSERT INTO MC_END_CLI
    (NR_CLIENTE, CD_LOGRADOURO_CLI, NR_END, 
    DS_COMPLEMENTO_END, DT_INICIO, DT_TERMINO, ST_END)
VALUES
(15, 15, 150, 'Vila B', TO_DATE ('22/05/2021','DD/MM/YYYY'), NULL, 'A');

--Resposta do Comando SQL item f) 

INSERT INTO MC_CLIENTE
    (NR_CLIENTE, NM_CLIENTE, QT_ESTRELAS, VL_MEDIO_COMPRA, 
    ST_CLIENTE, DS_EMAIL, NR_TELEFONE, NM_LOGIN, DS_SENHA)
VALUES
(SQ_MC_CLIENTE.nextval, 'Ana Paula Lopes da Silva', 5, 6000, 'A', 'analopes@gmail.br',
'(31) 95050-7777', 'anapaulasilva', 'lopzz%454' 
     );
    
--Resposta do Comando SQL item g) 

INSERT INTO MC_CATEGORIA_PROD
(CD_CATEGORIA, TP_CATEGORIA, DS_CATEGORIA, DT_INICIO, DT_TERMINO, ST_CATEGORIA)
VALUES
(SQ_MC_CATEGORIA.NEXTVAL, 'P', 'Artesanato', TO_DATE ('01/01/2020', 'DD/MM/YYYY'),Null, 'A');

INSERT INTO MC_CATEGORIA_PROD
(CD_CATEGORIA, TP_CATEGORIA, DS_CATEGORIA, DT_INICIO, DT_TERMINO, ST_CATEGORIA)
VALUES
(SQ_MC_CATEGORIA.NEXTVAL, 'P','Áudio', TO_DATE ('01/01/2020', 'DD/MM/YYYY'),Null, 'A');

INSERT INTO MC_CATEGORIA_PROD
(CD_CATEGORIA, TP_CATEGORIA, DS_CATEGORIA, DT_INICIO, DT_TERMINO, ST_CATEGORIA)
VALUES
(SQ_MC_CATEGORIA.NEXTVAL, 'P', 'Brinquedos', TO_DATE ('01/01/2020', 'DD/MM/YYYY'),Null, 'A');

INSERT INTO MC_CATEGORIA_PROD
(CD_CATEGORIA, TP_CATEGORIA, DS_CATEGORIA, DT_INICIO, DT_TERMINO, ST_CATEGORIA)
VALUES
(SQ_MC_CATEGORIA.NEXTVAL, 'P','Celular e Smartphone', TO_DATE ('01/01/2020', 'DD/MM/YYYY'),Null, 'A');

INSERT INTO MC_CATEGORIA_PROD
(CD_CATEGORIA, TP_CATEGORIA, DS_CATEGORIA, DT_INICIO, DT_TERMINO, ST_CATEGORIA)
VALUES
(SQ_MC_CATEGORIA.NEXTVAL, 'P','Colchões',  TO_DATE ('01/01/2020', 'DD/MM/YYYY'),TO_DATE ('01/02/2022', 'DD/MM/YYYY'), 'I');

INSERT INTO MC_CATEGORIA_PROD
(CD_CATEGORIA, TP_CATEGORIA, DS_CATEGORIA, DT_INICIO, DT_TERMINO, ST_CATEGORIA)
VALUES
(SQ_MC_CATEGORIA.NEXTVAL, 'P','Esporte e Lazer', TO_DATE ('01/01/2020', 'DD/MM/YYYY'),Null, 'A');

INSERT INTO MC_CATEGORIA_PROD
(CD_CATEGORIA, TP_CATEGORIA, DS_CATEGORIA, DT_INICIO, DT_TERMINO, ST_CATEGORIA)
VALUES
(SQ_MC_CATEGORIA.NEXTVAL, 'P','Ferramentas', TO_DATE ('01/01/2020', 'DD/MM/YYYY'),Null, 'A');

INSERT INTO MC_CATEGORIA_PROD
(CD_CATEGORIA, TP_CATEGORIA, DS_CATEGORIA, DT_INICIO, DT_TERMINO, ST_CATEGORIA)
VALUES
(SQ_MC_CATEGORIA.NEXTVAL, 'P','Games', TO_DATE ('01/01/2020', 'DD/MM/YYYY'),Null, 'A');

INSERT INTO MC_CATEGORIA_PROD
(CD_CATEGORIA, TP_CATEGORIA, DS_CATEGORIA, DT_INICIO, DT_TERMINO, ST_CATEGORIA)
VALUES
(SQ_MC_CATEGORIA.NEXTVAL, 'P','Informática', TO_DATE ('01/01/2020', 'DD/MM/YYYY'),Null, 'A');

INSERT INTO MC_CATEGORIA_PROD
(CD_CATEGORIA, TP_CATEGORIA, DS_CATEGORIA, DT_INICIO, DT_TERMINO, ST_CATEGORIA)
VALUES
(SQ_MC_CATEGORIA.NEXTVAL, 'P','Livros', TO_DATE ('01/01/2020', 'DD/MM/YYYY'),Null, 'A');

INSERT INTO MC_CATEGORIA_PROD
(CD_CATEGORIA, TP_CATEGORIA, DS_CATEGORIA, DT_INICIO, DT_TERMINO, ST_CATEGORIA)
VALUES
(SQ_MC_CATEGORIA.NEXTVAL, 'P','Pet shop', TO_DATE ('01/01/2020', 'DD/MM/YYYY'),TO_DATE ('01/04/2022', 'DD/MM/YYYY'), 'I');

INSERT INTO MC_CATEGORIA_PROD
(CD_CATEGORIA, TP_CATEGORIA, DS_CATEGORIA, DT_INICIO, DT_TERMINO, ST_CATEGORIA)
VALUES
(SQ_MC_CATEGORIA.NEXTVAL, 'P','TV', TO_DATE ('01/01/2020', 'DD/MM/YYYY'),Null, 'A');

INSERT INTO MC_CATEGORIA_PROD
(CD_CATEGORIA, TP_CATEGORIA, DS_CATEGORIA, DT_INICIO, DT_TERMINO, ST_CATEGORIA)
VALUES
(SQ_MC_CATEGORIA.NEXTVAL, 'P','Utilidades Domésticas', TO_DATE ('01/01/2020', 'DD/MM/YYYY'),Null, 'A');


--Resposta do Comando SQL item h)

INSERT INTO MC_CATEGORIA_PROD
(CD_CATEGORIA, TP_CATEGORIA, DS_CATEGORIA, DT_INICIO, DT_TERMINO, ST_CATEGORIA)
VALUES
(SQ_MC_CATEGORIA.NEXTVAL, 'V', 'Instalação do produto', TO_DATE ('01/01/2020', 'DD/MM/YYYY'),Null, 'A');

INSERT INTO MC_CATEGORIA_PROD
(CD_CATEGORIA, TP_CATEGORIA, DS_CATEGORIA, DT_INICIO, DT_TERMINO, ST_CATEGORIA)
VALUES
(SQ_MC_CATEGORIA.NEXTVAL, 'V', 'Uso no cotidiano', TO_DATE ('20/01/2020', 'DD/MM/YYYY'),Null, 'A');

INSERT INTO MC_CATEGORIA_PROD
(CD_CATEGORIA, TP_CATEGORIA, DS_CATEGORIA, DT_INICIO, DT_TERMINO, ST_CATEGORIA)
VALUES
(SQ_MC_CATEGORIA.NEXTVAL, 'V', 'Comercial com personalidade', TO_DATE ('25/06/2020', 'DD/MM/YYYY'),Null, 'A');

INSERT INTO MC_CATEGORIA_PROD
(CD_CATEGORIA, TP_CATEGORIA, DS_CATEGORIA, DT_INICIO, DT_TERMINO, ST_CATEGORIA)
VALUES
(SQ_MC_CATEGORIA.NEXTVAL, 'V', 'Uso no modo B', TO_DATE ('06/01/2020', 'DD/MM/YYYY'),Null, 'A');

INSERT INTO MC_CATEGORIA_PROD
(CD_CATEGORIA, TP_CATEGORIA, DS_CATEGORIA, DT_INICIO, DT_TERMINO, ST_CATEGORIA)
VALUES
(SQ_MC_CATEGORIA.NEXTVAL, 'V', 'Manual do Produto', TO_DATE ('15/03/2021', 'DD/MM/YYYY'),Null, 'A');

--Resposta do Comando SQL item i) 

INSERT INTO MC_PRODUTO
(CD_PRODUTO, CD_CATEGORIA, NR_CD_BARRAS_PROD, DS_PRODUTO, VL_UNITARIO, TP_EMBALAGEM, ST_PRODUTO, VL_PERC_LUCRO, DS_COMPLETA_PROD)
VALUES
(sq_mc_produto.nextval, 1, '124516516516165161651', 'MDF', 50.00, 'Papel Craft', 'A', 1.3, 'Caixa em MDF feito manualmente com decoração e cores que podem variar por ser peças exclusivas');

INSERT INTO MC_PRODUTO
(CD_PRODUTO, CD_CATEGORIA, NR_CD_BARRAS_PROD, DS_PRODUTO, VL_UNITARIO, TP_EMBALAGEM, ST_PRODUTO, VL_PERC_LUCRO, DS_COMPLETA_PROD)
VALUES
(sq_mc_produto.nextval, 2, '121547854241457364288', 'Echo Studio', 1619.00, 'Papelão', 'A', 0.5, 'Caixa de Som com Alexa - com Dolby Atmos e tecnologia de processamento de áudio espacial | Cor preta');
 
 INSERT INTO MC_PRODUTO
(CD_PRODUTO, CD_CATEGORIA, NR_CD_BARRAS_PROD, DS_PRODUTO, VL_UNITARIO, TP_EMBALAGEM, ST_PRODUTO, VL_PERC_LUCRO, DS_COMPLETA_PROD)
VALUES
(sq_mc_produto.nextval, 3, '878457824691457364250','Lego Classic', 225.00, 'Caixa Plástica', 'A', 2.5, 'Caixa Média de Peças Criativas');
 
INSERT INTO MC_PRODUTO
(CD_PRODUTO, CD_CATEGORIA, NR_CD_BARRAS_PROD, DS_PRODUTO, VL_UNITARIO, TP_EMBALAGEM, ST_PRODUTO, VL_PERC_LUCRO, DS_COMPLETA_PROD)
VALUES
(sq_mc_produto.nextval, 3, '878422587411457364254','Quebra-cabeça', 225.00, 'Caixa Papelão', 'A', 3.5, 'Vincent Van Gogh - A Noite Estrelada - Quebra-cabeça - 1000 peças - Toyster Brinquedos');

INSERT INTO MC_PRODUTO
(CD_PRODUTO, CD_CATEGORIA, NR_CD_BARRAS_PROD, DS_PRODUTO, VL_UNITARIO, TP_EMBALAGEM, ST_PRODUTO, VL_PERC_LUCRO, DS_COMPLETA_PROD)
VALUES
(sq_mc_produto.nextval, 4, '546794311591457364211','iPhone 13', 7600.00, 'Caixa Papelão', 'A', 1.5, 'Apple iPhone 13 (128 GB) - Meia-noite');

INSERT INTO MC_PRODUTO
(CD_PRODUTO, CD_CATEGORIA, NR_CD_BARRAS_PROD, DS_PRODUTO, VL_UNITARIO, TP_EMBALAGEM, ST_PRODUTO, VL_PERC_LUCRO, DS_COMPLETA_PROD)
VALUES
(sq_mc_produto.nextval, 4, '546791254545444764299','Smartwatch Motorola', 700.00, 'Caixa Papelão', 'I', 2.6, 'Smartwatch Motorola Moto Watch 100 - Phantom Black');

INSERT INTO MC_PRODUTO
(CD_PRODUTO, CD_CATEGORIA, NR_CD_BARRAS_PROD, DS_PRODUTO, VL_UNITARIO, TP_EMBALAGEM, ST_PRODUTO, VL_PERC_LUCRO, DS_COMPLETA_PROD)
VALUES
(sq_mc_produto.nextval, 4, '546875414475789544254','Smartphone Xiaomi', 1325.00, 'Caixa Papelão', 'A', 0.5, 'Smartphone Xiaomi Redmi Note 8 4GB Ram Tela 6.3 64GB Camera Quad 48+8+2+2MP - Azul');

INSERT INTO MC_PRODUTO
(CD_PRODUTO, CD_CATEGORIA, NR_CD_BARRAS_PROD, DS_PRODUTO, VL_UNITARIO, TP_EMBALAGEM, ST_PRODUTO, VL_PERC_LUCRO, DS_COMPLETA_PROD)
VALUES
(sq_mc_produto.nextval, 6, '100103210560202150217','Bola Vôlei', 103.00, 'Plástico', 'A', 1.5, 'Penalty Bola Vôlei - Cores');

INSERT INTO MC_PRODUTO
(CD_PRODUTO, CD_CATEGORIA, NR_CD_BARRAS_PROD, DS_PRODUTO, VL_UNITARIO, TP_EMBALAGEM, ST_PRODUTO, VL_PERC_LUCRO, DS_COMPLETA_PROD)
VALUES
(sq_mc_produto.nextval, 6, '105486415616161185151','Kit 2 Raquetes de Tennis', 350.00, 'NULL', 'A', 2.5, 'Kit 2 Raquetes Beach Tennis Profissional de Fibra de Carbono');

INSERT INTO MC_PRODUTO
(CD_PRODUTO, CD_CATEGORIA, NR_CD_BARRAS_PROD, DS_PRODUTO, VL_UNITARIO, TP_EMBALAGEM, ST_PRODUTO, VL_PERC_LUCRO, DS_COMPLETA_PROD)
VALUES
(sq_mc_produto.nextval, 6, '105454651618651155655','Barraca Camping', 2500.00, 'NULL', 'I', 3.5, 'Barraca Weathermaster Elite 6 pessoas com LED interno, Coleman, Verde');

INSERT INTO MC_PRODUTO
(CD_PRODUTO, CD_CATEGORIA, NR_CD_BARRAS_PROD, DS_PRODUTO, VL_UNITARIO, TP_EMBALAGEM, ST_PRODUTO, VL_PERC_LUCRO, DS_COMPLETA_PROD)
VALUES
(sq_mc_produto.nextval, 7, '987416161651615616500','Furadeira', 250.00, 'Papel Craft', 'A', 3.0, 'BLACK+DECKER Parafusadeira e Furadeira de 3/8 Pol. (10mm) a Bateria 12V Ion-Litio 1.5Ah 900 RPM com 13 Acessórios 110V LD12S');

INSERT INTO MC_PRODUTO
(CD_PRODUTO, CD_CATEGORIA, NR_CD_BARRAS_PROD, DS_PRODUTO, VL_UNITARIO, TP_EMBALAGEM, ST_PRODUTO, VL_PERC_LUCRO, DS_COMPLETA_PROD)
VALUES
(sq_mc_produto.nextval, 7, '121616515615167364221','Politrizes', 663.00, 'Papelão', 'A', 2.0, 'Bosch Politriz 9071 7" 1300W 127V + Maleta, Skil F0129071AF-000, Preto');
 
 INSERT INTO MC_PRODUTO
(CD_PRODUTO, CD_CATEGORIA, NR_CD_BARRAS_PROD, DS_PRODUTO, VL_UNITARIO, TP_EMBALAGEM, ST_PRODUTO, VL_PERC_LUCRO, DS_COMPLETA_PROD)
VALUES
(sq_mc_produto.nextval, 7, '126456151651515515250','Brocas', 75.00, 'plástico', 'A', 2.4, 'Bosch Kit De Pontas E Brocas X-Line 33 Pçs');
 
INSERT INTO MC_PRODUTO
(CD_PRODUTO, CD_CATEGORIA, NR_CD_BARRAS_PROD, DS_PRODUTO, VL_UNITARIO, TP_EMBALAGEM, ST_PRODUTO, VL_PERC_LUCRO, DS_COMPLETA_PROD)
VALUES
(sq_mc_produto.nextval, 8, '465165161551457364254','Controlador de jogos', 363.00, 'Caixa Papelão', 'I', 3.5, 'Controlador de jogos móveis GameSir X2 Pro para Android Suporte Xbox Cloud Games, controlador de jogo com botões traseiros');

INSERT INTO MC_PRODUTO
(CD_PRODUTO, CD_CATEGORIA, NR_CD_BARRAS_PROD, DS_PRODUTO, VL_UNITARIO, TP_EMBALAGEM, ST_PRODUTO, VL_PERC_LUCRO, DS_COMPLETA_PROD)
VALUES
(sq_mc_produto.nextval, 8, '461616516515615164211','Console', 3999.00, 'Caixa Papelão', 'A', 1.5, 'Console PlayStation®5 Edição Digital');

INSERT INTO MC_PRODUTO
(CD_PRODUTO, CD_CATEGORIA, NR_CD_BARRAS_PROD, DS_PRODUTO, VL_UNITARIO, TP_EMBALAGEM, ST_PRODUTO, VL_PERC_LUCRO, DS_COMPLETA_PROD)
VALUES
(sq_mc_produto.nextval, 8, '516165165165561565559','Base carregamento', 170.00, 'Caixa Papelão', 'A', 1.6, 'Base De Carregamento Do Dualsense - Padrão - PlayStation 5');

INSERT INTO MC_PRODUTO
(CD_PRODUTO, CD_CATEGORIA, NR_CD_BARRAS_PROD, DS_PRODUTO, VL_UNITARIO, TP_EMBALAGEM, ST_PRODUTO, VL_PERC_LUCRO, DS_COMPLETA_PROD)
VALUES
(sq_mc_produto.nextval, 9, '021555151515544444111','Notebook', 4299.00, 'Caixa Papelão', 'A', 1.5, 'Notebook ideapad Gaming 3i i5-11300H 8GB 512GB SSD Dedicada GTX 1650 4GB 15.6" FHD WVA Linux 82MGS00200');

INSERT INTO MC_PRODUTO
(CD_PRODUTO, CD_CATEGORIA, NR_CD_BARRAS_PROD, DS_PRODUTO, VL_UNITARIO, TP_EMBALAGEM, ST_PRODUTO, VL_PERC_LUCRO, DS_COMPLETA_PROD)
VALUES
(sq_mc_produto.nextval, 10, '101516165165162150217','Livro', 65.00, 'Caixa Papelão', 'A', 0.8, 'Pense em Python: Pense Como um Cientista da Computação');

INSERT INTO MC_PRODUTO
(CD_PRODUTO, CD_CATEGORIA, NR_CD_BARRAS_PROD, DS_PRODUTO, VL_UNITARIO, TP_EMBALAGEM, ST_PRODUTO, VL_PERC_LUCRO, DS_COMPLETA_PROD)
VALUES
(sq_mc_produto.nextval, 12, '161611651515616515158','Smart TV', 2350.00, 'Caixa papelão', 'A', 2.5, 'Smart TV LED 50" 4K UHD Samsung UN50AU7700GXZD - Wifi, HDMI');

INSERT INTO MC_PRODUTO
(CD_PRODUTO, CD_CATEGORIA, NR_CD_BARRAS_PROD, DS_PRODUTO, VL_UNITARIO, TP_EMBALAGEM, ST_PRODUTO, VL_PERC_LUCRO, DS_COMPLETA_PROD)
VALUES
(sq_mc_produto.nextval, 13, '105516156156165156155','Jogo de facas', 230.00, 'Caixa Plástica', 'A', 3.5, 'Jogo De Facas 7 Pcs mais Suporte');

--Resposta do Comando SQL item j)

INSERT INTO mc_sgv_produto_video
(CD_PRODUTO, NR_SEQUENCIA, CD_CATEGORIA, VD_PRODUTO, TP_VIDEO_PROD, DS_PATH_VIDEO_PROD, ST_VIDEO_PROD)
VALUES
('3', '1', '2', NULL, '03', NULL, 'I');

INSERT INTO mc_sgv_produto_video
(CD_PRODUTO, NR_SEQUENCIA, CD_CATEGORIA, VD_PRODUTO, TP_VIDEO_PROD, DS_PATH_VIDEO_PROD, ST_VIDEO_PROD)
VALUES
('3', '12', '2', Null, '01',  'https://customerdocumentation.s3-us-west-2.amazonaws.com/Alexa+Devices/22-002155-01_EchoStudio_Online_QSG_BR.pdf', 'A');

--Resposta do Comando SQL item k) 

INSERT INTO MC_SGV_VISUALIZACAO_VIDEO
(CD_VISUALIZACAO_VIDEO, NR_CLIENTE, CD_PRODUTO, DT_VISUALIZACAO, NR_HORA_VISUALIZACAO, NR_MINUTO_VIDEO, NR_SEGUNDO_VIDEO)
VALUES
(SQ_MC_SGV_VISUAL_PROD.NEXTVAL, 1, 17, TO_DATE ('10/01/2023', 'DD/MM/YYYY'), 13, 30, 12);

INSERT INTO MC_SGV_VISUALIZACAO_VIDEO
(CD_VISUALIZACAO_VIDEO, NR_CLIENTE, CD_PRODUTO, DT_VISUALIZACAO, NR_HORA_VISUALIZACAO, NR_MINUTO_VIDEO, NR_SEGUNDO_VIDEO)
VALUES
(SQ_MC_SGV_VISUAL_PROD.NEXTVAL, 1, 5, TO_DATE ('10/01/2023', 'DD/MM/YYYY'), 15, 35, 48);

INSERT INTO MC_SGV_VISUALIZACAO_VIDEO
(CD_VISUALIZACAO_VIDEO, NR_CLIENTE, CD_PRODUTO, DT_VISUALIZACAO, NR_HORA_VISUALIZACAO, NR_MINUTO_VIDEO, NR_SEGUNDO_VIDEO)
VALUES
(SQ_MC_SGV_VISUAL_PROD.NEXTVAL, 1, 7, TO_DATE ('14/02/2023', 'DD/MM/YYYY'), 12, 11, 24);

INSERT INTO MC_SGV_VISUALIZACAO_VIDEO
(CD_VISUALIZACAO_VIDEO, NR_CLIENTE, CD_PRODUTO, DT_VISUALIZACAO, NR_HORA_VISUALIZACAO, NR_MINUTO_VIDEO, NR_SEGUNDO_VIDEO)
VALUES
(SQ_MC_SGV_VISUAL_PROD.NEXTVAL, 1, 6, TO_DATE ('14/02/2023', 'DD/MM/YYYY'), 17, 40, 08);

INSERT INTO MC_SGV_VISUALIZACAO_VIDEO
(CD_VISUALIZACAO_VIDEO, NR_CLIENTE, CD_PRODUTO, DT_VISUALIZACAO, NR_HORA_VISUALIZACAO, NR_MINUTO_VIDEO, NR_SEGUNDO_VIDEO)
VALUES
(SQ_MC_SGV_VISUAL_PROD.NEXTVAL, 1, 5, TO_DATE ('15/02/2023', 'DD/MM/YYYY'), 12, 42, 18);

--Resposta do Comando SQL item l) 
commit;

--Resposta do Comando SQL item m)

INSERT INTO MC_CATEGORIA_PROD
(CD_CATEGORIA, TP_CATEGORIA, DS_CATEGORIA, DT_INICIO, DT_TERMINO, ST_CATEGORIA)
VALUES
(SQ_MC_CATEGORIA.NEXTVAL, 'P','Travesseiro Nasa',  TO_DATE ('10/01/2020', 'DD/MM/YYYY'),TO_DATE ('10/02/2022', 'DD/MM/YYYY'), 'I');

--Resposta do Comando SQL item n)

INSERT INTO MC_PRODUTO
(CD_PRODUTO, CD_CATEGORIA, NR_CD_BARRAS_PROD, DS_PRODUTO, VL_UNITARIO, TP_EMBALAGEM, ST_PRODUTO, VL_PERC_LUCRO, DS_COMPLETA_PROD)
VALUES
(sq_mc_produto.nextval, 19, '124516516516165161010', 'Viscose e Algodão', 120.00, 'Plástico', 'I', 1.3, 'NASA é uma espuma viscoelástica moldada com alta viscosidade e densidade.');

--Resposta do Comando SQL item o)

SELECT VL_SALARIO, DS_CARGO
FROM MC_FUNCIONARIO
WHERE CD_FUNCIONARIO = 14;

UPDATE MC_FUNCIONARIO
SET VL_SALARIO = VL_SALARIO * 1.12,
    DS_CARGO = 'Analista Administrativo'
WHERE CD_FUNCIONARIO = 14;

--Resposta do Comando SQL item P)

UPDATE MC_CATEGORIA_PROD
SET DS_CATEGORIA = 'Audiovisual'
WHERE CD_CATEGORIA = 2;

--Resposta do Comando SQL item q)

UPDATE MC_DEPTO
SET NM_DEPTO = 'DHO'
WHERE NM_DEPTO = 'RECURSOS HUMANOS (RH)';

--Resposta do Comando SQL item r)

UPDATE MC_CLI_FISICA
SET DT_NASCIMENTO = TO_DATE ('18/05/2002','DD/MM/YYYY')
WHERE NR_CLIENTE = 2;

--Resposta do Comando SQL item s)

UPDATE MC_CATEGORIA_PROD
SET DS_CATEGORIA = 'Promocional com Influencers'
WHERE CD_CATEGORIA = 16;

--Resposta do Comando SQL item t)

UPDATE MC_FUNCIONARIO
SET ST_FUNC = 'I'
WHERE CD_FUNCIONARIO = 2;

UPDATE MC_FUNCIONARIO
SET DT_DESLIGAMENTO = SYSDATE
WHERE CD_FUNCIONARIO = 2;

--Resposta do Comando SQL item U)

INSERT INTO MC_SGV_SAC
(NR_SAC, NR_CLIENTE, CD_PRODUTO, CD_FUNCIONARIO, DS_DETALHADA_SAC, DT_ABERTURA_SAC, HR_ABERTURA_SAC, TP_SAC, ST_SAC)
VALUES
(SQ_MC_SGV_SAC.NEXTVAL, 8, 17, 6, 'Comprei recentemente um notebook no site do vocês e gostaria de saber como emitir a segunda via da nota fiscal do produto', TO_DATE ('29/03/2023', 'DD/MM/YYYY'), 14,'D','E');

UPDATE MC_SGV_SAC
   SET DT_ATENDIMENTO = TO_DATE ('30/03/2023','DD/MM/YYYY'), 
       HR_ATENDIMENTO_SAC = 10, 
       DS_DETALHADA_RETORNO_SAC = 'A segunda via da sua nota fiscal foi encaminhada por e-mail', 
       NR_INDICE_SATISFACAO = 9,
       NR_TEMPO_TOTAL_SAC = 20
WHERE NR_SAC = 1;

--Resposta do Comando SQL item v)

SELECT NR_CLIENTE, 
       CD_LOGRADOURO_CLI, 
       NR_END,
       DS_COMPLEMENTO_END,
       DT_INICIO,
       DT_TERMINO,
       ST_END
  FROM MC_END_CLI
WHERE NR_CLIENTE = 5;
 
UPDATE MC_END_CLI
SET DT_TERMINO = TO_DATE(sysdate-1), 
    ST_END = 'I'
WHERE nr_cliente = 5;

--Resposta do Comando SQL item w)

SELECT CD_FUNCIONARIO, 
       CD_LOGRADOURO, 
       NR_END,
       DS_COMPLEMENTO_END,
       DT_INICIO,
       DT_TERMINO,
       ST_END
  FROM MC_END_FUNC
 WHERE CD_FUNCIONARIO = 8;
 
UPDATE MC_END_FUNC
SET ST_END = 'I',
DT_TERMINO = TO_DATE(sysdate-1)
WHERE CD_FUNCIONARIO = 8;

--Resposta do Comando SQL item X)

DELETE FROM MC_ESTADO
WHERE SG_ESTADO = 'BA';

--Resposta do Comando SQL item Y)

UPDATE MC_PRODUTO
SET ST_PRODUTO = 'X'
WHERE CD_PRODUTO = 1;

--Resposta do Comando SQL item Z)
commit;